Player	PPR	Standard	Superflex
Jahmyr Gibbs	1	1	8
Bijan Robinson	2	2	9
Puka Nacua	3	3	3
Ja'Marr Chase	4	4	1
Jaxon Smith-Njigba	5	5	2
Christian McCaffrey	6	6	15
Jonathan Taylor	7	7	13
Amon-Ra St. Brown	8	8	4
CeeDee Lamb	9	9	16
De'Von Achane	10	13	14
Justin Jefferson	11	11	18
James Cook III	12	12	28
Jeremiyah Love	13	18	35
Drake London	14	14	17
Ashton Jeanty	15	19	33
Rashee Rice	16	16	43
Trey McBride	17	17	22
Omarion Hampton	18	20	44
Saquon Barkley	19	15	34
Derrick Henry	20	10	31
Chase Brown	21	23	32
Kenneth Walker III	22	21	45
Josh Jacobs	23	22	46
Brock Bowers	24	24	36
Nico Collins	25	25	23
Garrett Wilson	26	32	24
A.J. Brown	27	26	42
Chris Olave	28	29	37
George Pickens	29	27	38
Breece Hall	30	30	52
Javonte Williams	31	31	53
Malik Nabers	32	28	39
Tetairoa McMillan	33	74	56
Zay Flowers	34	35	47
DeVonta Smith	35	75	57
Josh Allen	36	36	5
Kyren Williams	69	69	54
Travis Etienne Jr.	70	70	59
Cam Skattebo	71	72	61
Quinshon Judkins	72	71	60
Bucky Irving	73	73	63
Emeka Egbuka	74	33	85
Davante Adams	75	34	48
Ladd McConkey	76	77	68
Terry McLaurin	77	79	69
Tee Higgins	78	78	49
Jaylen Waddle	79	83	72
Jameson Williams	80	76	70
Colston Loveland	81	81	55
Tyler Warren	82	82	66
Carnell Tate	83	85	73
Rome Odunze	84	80	93
Luther Burden III	85	86	94
DJ Moore	86	84	86
Jayden Daniels	87	87	12
Lamar Jackson	88	88	6
Drake Maye	89	89	7
Jalen Hurts	90	90	10
TreVeyon Henderson	91	93	62
Bhayshul Tuten	93	91	82
D'Andre Swift	94	94	64
David Montgomery	95	95	79
Jadarian Price	96	96	65
Tony Pollard	97	97	89
Courtland Sutton	99	99	84
Michael Pittman Jr.	100	114	97
Alec Pierce	101	100	92
Marvin Harrison Jr.	102	101	108
DK Metcalf	103	103	98
Jordyn Tyson	104	112	99
Kyle Pitts Sr.	105	105	91
Harold Fannin Jr.	106	106	67
Sam LaPorta	107	107	90
Joe Burrow	108	108	11
Jaxson Dart	111	111	21
Mike Evans	112	102	71
Parker Washington	113	113	112
Christian Watson	114	104	109
Matthew Golden	115	116	149
Michael Wilson	116	125	107
Brian Thomas Jr.	117	115	135
Trevor Lawrence	118	118	29
Dak Prescott	119	119	26
Bo Nix	120	120	30
Brock Purdy	121	121	19
Matthew Stafford	123	123	27
Caleb Williams	124	124	20
Jakobi Meyers	125	126	114
Wan'Dale Robinson	126	156	111
Travis Hunter	127	128	200
Makai Lemon	128	117	110
Josh Downs	129	171	161
Jordan Addison	130	127	116
Justin Herbert	131	131	40
Patrick Mahomes	132	132	25
Jaylen Warren	134	136	95
Rhamondre Stevenson	135	135	101
Rico Dowdle	136	134	96
Kenny Gainwell	137	139	100
Chuba Hubbard	138	138	80
Aaron Jones Sr.	139	148	81
George Kittle	141	141	142
Tucker Kraft	142	142	115
Dallas Goedert	143	143	122
Travis Kelce	144	151	118
Rachaad White	147	149	102
Jonathon Brooks	148	147	140
J.K. Dobbins	149	137	83
RJ Harvey	150	168	103
Jake Ferguson	151	152	123
Mark Andrews	152	144	120
T.J. Hockenson	155	165	139
Khalil Shakir	156	158	133
Jayden Reed	157	157	121
Xavier Worthy	158	129	119
Kyle Monangai	161	150	124
Kenyon Sadiq	162	155	166
Isaiah Likely	163	163	144
Dalton Kincaid	164	162	143
Hunter Henry	165	164	153
Jacory Croskey-Merritt	167	161	154
Blake Corum	168	167	125
Woody Marks	169	169	148
Zach Charbonnet	170	170	147
Quentin Johnston	171	130	150
KC Concepcion	173	173	117
Deebo Samuel Sr.	174	174	
Chris Godwin Jr.	175	175	113
Romeo Doubs	176	176	131
Jayden Higgins	177	177	163
Jalen Coker	179	179	159
Jerry Jeudy	180	180	145
Rashid Shaheed	181	181	151
Kyler Murray	182	182	58
Tyler Shough	183	183	41
Jared Goff	186	186	51
Daniel Jones	187	187	76
Jordan Mason	188	188	141
Alvin Kamara	189	190	138
Isiah Pacheco	190	189	146
Chris Rodriguez Jr.	193	193	177
Brian Robinson Jr.	194	194	182
Tank Bigsby	195	195	
Jalen McMillan	196	196	160
Calvin Ridley	197	197	136
Denzel Boston	201	201	173
Adonai Mitchell	202	202	
De'Zhaun Stribling	203	203	
Baker Mayfield	204	204	50
Malik Willis	206	206	78
Germie Bernard	208	208	172
Antonio Williams	209	209	
Tre Tucker	210	210	162
Ray Davis	211	211	
Tyrone Tracy Jr.	214	214	184
Mike Washington Jr.	215	215	
Tyler Allgeier	216	216	181
Dylan Sampson	217	217	183
Terrance Ferguson	218	218	
Juwan Johnson	221	273	152
Jalen Nailor	223	223	170
Omar Cooper Jr.	224	224	132
Rashod Bateman	225	225	169
Jauan Jennings	226	226	
Tank Dell	230	230	178
Tyjae Spears	231	231	137
Braelon Allen	232	232	175
Keaton Mitchell	233	233	
Broncos D/ST	234	234	
Texans D/ST	236	236	
Steelers D/ST	238	238	
Seahawks D/ST	239	239	
Rams D/ST	240	240	
Ravens D/ST	241	241	
Eagles D/ST	243	243	
Browns D/ST	246	246	
Patriots D/ST	247	247	
Lions D/ST	248	248	
Chiefs D/ST	249	249	
Chargers D/ST	250	250	
Brandon Aubrey	251	251	
Cameron Dicker	252	252	
Jason Myers	253	253	
Harrison Mevis	254	254	
Ka'imi Fairbairn	257	257	
Eddy Pineiro	259	259	
Harrison Butker	260	260	
Cam Little	262	262	
Jake Bates	263	263	
Tyler Loop	266	266	
Cairo Santos	267	267	
Will Reichard	270	270	
Jordan James	271	271	
Brenton Strange	274	221	165
James Conner	276	276	
Justice Hill	278	278	155
Zachariah Branch	281	281	
Jordan Love	284	284	75
Cam Ward	286	286	88
C.J. Stroud	290	290	74
Ricky Pearsall	291	291	134
Darnell Mooney	293	293	187
Stefon Diggs	295	295	
Tre' Harris	298	298	171
Ryan Flournoy	300	300	
Pat Freiermuth	303	303	164
Dalton Schultz	305	305	167
Jaylin Noel	307	307	
Xavier Legette	310	310	
Jack Bech	312	312	
Isaac TeSlaa	313	313	
Jonah Coleman	314	314	
Kaelon Black	315	315	
Kaytron Allen	316	316	
Gunnar Helm	318	319	189
Chig Okonkwo	319	320	191
AJ Barner	320	318	194
Sam Darnold	321	321	77
Bryce Young	322	322	87
Fernando Mendoza	323	323	104
Nicholas Singleton	324	324	
Demond Claiborne	325	325	
Kimani Vidal	326	326	
Chris Bell	327	327	186
Jaylen Wright	329	329	
Ollie Gordon II	330	330	
Malik Washington	331	331	168
Jalen Tolbert	332	332	179
Cooper Kupp	333	333	198
Caleb Douglas	334	334	185
Kayshon Boutte	335	335	
Brandon Aiyuk	336	336	
Ja'Kobi Lane	337	337	
Ted Hurst III	338	338	
Buccaneers D/ST	341	341	
Packers D/ST	342	342	
Chris Boswell	343	343	
Chase McLaughlin	344	344	
Adam Randall	345	345	
Samaje Perine	346	346	174
LeQuint Allen Jr.	348	348	
MarShawn Lloyd	349	349	
Jaydon Blue	350	350	
George Holani	351	351	
Ty Johnson	353	353	
Emari Demercado	355	355	
Isaiah Davis	356	356	
Emmett Johnson	357	357	
Chris Brooks	358	358	
Sean Tucker	360	360	
DJ Giddens	361	361	
Keon Coleman	362	362	
Dontayvion Wicks	363	363	180
Jaguars D/ST	364	364	
Colts D/ST	366	366	
Evan McPherson	368	368	
Nick Folk	369	369	
Oronde Gadsden	370	370	190
Greg Dulcich	371	371	192
Cade Otton	373	373	195
Savion Williams	374	374	
Pat Bryant	375	375	
Tory Horton	376	376	
Elijah Sarratt	377	377	
Malik Davis	379	379	
Emanuel Wilson	383	383	176
Geno Smith	384	384	105
Aaron Rodgers	387	387	106
Jacoby Brissett	388	388	126
Deshaun Watson	389	389	129
Dyami Brown	391	391	188
Darius Slayton	392	392	
Treylon Burks	393	393	
Tyquan Thornton	394	394	
Andrei Iosivas	396	396	
Will Shipley	397	397	
Devin Singletary	398	398	
Tyler Badie	399	399	
Tahj Brooks	400	400	
Trevor Etienne	403	403	
Seth McGowan	404	404	
Kendre Miller	405	405	
Jawhar Jordan	406	406	
Jahan Dotson	407	407	
Bengals D/ST	409	409	
Bears D/ST	410	410	
Trey Smack	411	411	
Jake Elliott	412	412	
Mike Gesicki	413	413	193
Evan Engram	414	417	196
David Njoku	417	414	
Michael Mayer	418	418	
Jake Tonges	419	419	
Marvin Mims Jr.	420	420	
KaVontae Turpin	422	422	
Tua Tagovailoa	423	423	127
49ers D/ST	424	424	
Jets D/ST	425	425	
Saints D/ST	426	426	
Panthers D/ST	427	427	
Shedeur Sanders	429	429	130
Kirk Cousins	430	430	157
Kaleb Johnson	431	431	
Kene Nwangwu	432	432	
Isaac Guerendo	434	434	
Brashard Smith	435	435	
Bam Knight	436	436	
Dylan Laube	437	437	
Rasheen Ali	438	438	
Michael Penix Jr.	440	440	128
Ja'Tavion Sanders	441	442	
Colby Parkinson	442	441	
Darnell Washington	443	445	
Dawson Knox	445	443	
J.J. McCarthy	448	448	158
Carson Beck	451	451	156
Justin Fields	452	452	
Joe Flacco	454	454	
Mac Jones	455	455	
Jacob Saylors	456	456	
DeeJay Dallas	457	457	
Josh Williams	458	458	
Elijah Arroyo	459	459	
Eli Stowers	460	460	
Mason Taylor	464	464	
Theo Johnson	465	465	
Tyler Higbee	466	466	
Max Klare	467	467	
Tommy Tremble	468	468	
Noah Gray	469	469	
Cole Kmet	470	470	
Noah Fant	471	471	
Austin Hooper	472	472	
Elijah Higgins	473	473	
Jameis Winston	474	474	
Ty Simpson	477	477	
Anthony Richardson Sr.	478	478	
Jarrett Stidham	479	479	
Nick Mullens	480	480	
Jake Browning	482	482	
Tommy DeVito	483	483	
Marcus Mariota	484	484	
Tyson Bagent	485	485	
Sam Howell	486	486	
Charlie Smyth	488	488	
Wil Lutz	489	489	
Tyler Bass	490	490	
Dominic Zvada	491	491	
Blake Grupe	492	492	
Jake Moody	493	493	
Andy Borregales	495	495	
Zane Gonzalez	496	496	
Matt Gay	497	497	
Ryan Fitzgerald	498	498	
Joey Slye	500	500	
Chad Ryland	502	502	
Andre Szmyt	503	503	
Jason Sanders	504	504	
Vikings D/ST	505	505	
Giants D/ST	507	507	
Titans D/ST	509	509	
Cowboys D/ST	511	511	
Commanders D/ST	513	513	
Falcons D/ST	515	515	
Raiders D/ST	516	516	
Bills D/ST	517	517	
Cardinals D/ST	518	518	
Dolphins D/ST	519	519	
Jaylin Lane	978	978	
DeMario Douglas	979	979	
Devaughn Vele	980	980	
Nick Westbrook-Ikhine	981	981	197
Ashton Dulin	982	982	
Tutu Atwell	983	983	
Kevin Coleman Jr.	984	984	
Hollywood Brown	985	985	
Troy Franklin	986	986	
Kendrick Bourne	987	987	
Kalif Raymond	988	988	
Luke McCaffrey	996	996	
Kyle Juszczyk	998	998	
Joshua Palmer	1001	1001	
Cyrus Allen	1003	1003	
Skyler Bell	1010	1010	
Bryce Lance	1012	1012	
Jordan Whittington	1014	1014	
Erick All Jr.	1017	1017	
Will Kacmarek	1018	1018	
Drew Sample	1023	1023	
Josh Oliver	1024	1024	
Eli Raridon	1028	1028	
Zavion Thomas	1029	1029	
Charlie Kolar	1030	1030	
Odell Beckham Jr.	1035	1035	
Devontez Walker	1037	1037	
Mitchell Evans	1038	1038	
Cade Stover	1039	1039	
John Bates	1040	1040	
Malachi Fields	1041	1041	
Xavier Hutchinson	1044	1044	
Dont'e Thornton Jr.	1048	1048	
Olamide Zaccheaus	1049	1049	
Chimere Dike	1056	1056	
Isaiah Bond	1057	1057	
Tanner Hudson	1064	1064	
Konata Mumpfield	1065	1065	
Adam Trautman	1070	1070	
Mack Hollins	1074	1074	
Luke Schoonmaker	1075	1075	
Jackson Hawes	1077	1077	
Brenen Thompson	1078	1078	
Mo Alie-Cox	1080	1080	
KeAndre Lambert-Smith	1081	1081	
Daniel Bellinger	1085	1085	
Ben Sinnott	1086	1086	
Jeremy Ruckert	1095	1095	
Hunter Luepke	1096	1096	
Luke Musgrave	1100	1100	
Durham Smythe	1104	1104	
Kyle Williams	1108	1108	
Tez Johnson	1115	1115	
Jimmy Horn Jr.	1117	1117	
Mitchell Tinsley	1133	1133	
Davis Allen	1134	1134	
Foster Moreau	1140	1140	
Nate Adkins	1143	1143	
Calvin Austin III	1144	1144	
Brock Wright	1145	1145	
Nate Boerkircher	1146	1146	
Jalen Royals	1147	1147	
Payne Durham	1148	1148	
Anthony Gould	1150	1150	
Alec Ingold	1161	1161	
Joe Royer	1162	1162	
Greg Dortch	1163	1163	
Elic Ayomanor	1166	1166	
Malik Benson	1167	1167	
Ben Sims	1170	1170	
Isaiah Williams	1185	1185	
Bo Melton	1195	1195	
Ben Skowronek	1196	1196	
Derius Davis	1197	1197	
Xavier Smith	1198	1198	
Tyrell Shavers	1204	1204	
Adam Prentice	1210	1210	
Connor Heyward	1213	1213	
Michael Burton	1214	1214	
Luke Farrell	1216	1216	
Colbie Young	1217	1217	
Barion Brown	1221	1221	
Max Bredeson	1222	1222	
CJ Daniels	1223	1223	
Justin Joly	1224	1224	
Brevyn Spann-Ford	1228	1228	
Tanner McKee	1229	1229	
Malachi Corley	1230	1230	
Drew Allar	1231	1231	
Teddy Bridgewater	1232	1232	
Trey Lance	1233	1233	
Riley Leonard	1235	1235	
Tyrod Taylor	1236	1236	
CJ Dippre	1237	1237	
Tanner Koziol	1238	1238	
Ko Kieft	1241	1241	
Kenny Pickett	1242	1242	
Tai Felton	1243	1243	
Christian Kirk	1244	1244	199
Oscar Delp	1245	1245	
Tyler Conklin	1246	1246	
Spencer Rattler	1247	1247	
Marlin Klein	1249	1249	
Drew Ogletree	1251	1251	
Sam Roush	1252	1252	
Jahdae Walker	1253	1253	
Matthew Hibner	1255	1256	
Josh Cuevas	1256	1255	
Tyler Huntley	1257	1257	
Eric Saubert	1258	1258	
Justin Watson	1260	1260	
Darius Cooper	1262	1262	
Tip Reiman	1264	1264	
Jonathan Mingo	1265	1265	
Andrew Beck	1266	1266	
Davis Mills	1267	1267	
Laquon Treadwell	1268	1268	
Ian Thomas	1270	1270	
Charlie Woerner	1272	1272	
Johnny Mundt	1273	1273	
Cade Klubnik	1274	1274	
Brycen Tremayne	1275	1275	
Reggie Virgil	1276	1276	
Riley Nowakowski	1278	1278	
Kaden Wetjen	1279	1279	
Kyle Allen	1280	1280	
Drew Lock	1281	1281	
Reggie Gilliam	1282	1282	
Mitchell Trubisky	1285	1285	
Jack Stoll	1287	1287	
Patrick Ricard	1291	1291	
Cedric Tillman	1292	1292	
Quinn Ewers	1295	1295	
Gardner Minshew II	1296	1296	
Chris Manhertz	1320	1320	
Kameron Johnson	1329	1329	
Arian Smith	1330	1330	
Braxton Berrios	1336	1336	
Charlie Jones	1337	1337	
British Brooks	1338	1338	
Myles Price	1342	1342	
LaJohntay Wester	1343	1343	
Britain Covey	1344	1344	
JuJu Smith-Schuster	1345	1345	
Nikko Remigio	1346	1346	
Jacob Cowing	1347	1347	
Ke'Shawn Williams	1348	1348	
Devin Duvernay	1349	1349	
Gage Larvadain	1350	1350	
Mason Tipton	1351	1351	
Efton Chism III	1353	1353	
Skyy Moore	1354	1354	
Dareke Young	1355	1355	
Josh Cameron	1356	1356	
Jalen Brooks	1357	1357	
Michael Bandy	1358	1358	
Jeshaun Jones	1359	1359	
Mason Kinsey	1360	1360	
Chris Moore	1361	1361	
Demarcus Robinson	1362	1362	
Robert Tonyan	1363	1363	
Trent Sherfield	1364	1364	
Nick Vannett	1365	1365	
River Cracraft	1366	1366	
Cedrick Wilson Jr.	1367	1367	
Malik Turner	1368	1368	
Brandon Allen	1369	1369	
Cooper Rush	1370	1370	
Mason Rudolph	1371	1371	
Jeremy McNichols	1372	1372	
Phillip Dorsett II	1373	1373	
Ameer Abdullah	1374	1374	
Scotty Miller	1375	1375	
Easton Stick	1376	1376	
Mecole Hardman Jr.	1377	1377	
Travis Homer	1378	1378	
David Moore	1379	1379	
Tim Patrick	1380	1380	
Marquez Valdes-Scantling	1381	1381	
Carson Wentz	1382	1382	
Andy Dalton	1383	1383	
Case Keenum	1384	1384	
Josh Johnson	1385	1385	
Lil'Jordan Humphrey	1386	1386	
Gunner Olszewski	1387	1387	
Stephen Carlson	1388	1388	
Tom Kennedy	1389	1389	
Jalen Reagor	1390	1390	
AJ Dillon	1391	1391	
Tyler Johnson	1392	1392	
Van Jefferson	1393	1393	
Josiah Deguara	1394	1394	
Albert Okwuegbunam Jr.	1395	1395	
Quez Watkins	1396	1396	
K.J. Osborn	1397	1397	
Isaiah Hodgins	1398	1398	
Salvon Ahmed	1399	1399	
Sean McKeon	1400	1400	
Dan Chisena	1401	1401	
Lawrence Cager	1402	1403	
Michael Carter	1404	1404	
Elijah Moore	1405	1405	
Terrace Marshall Jr.	1406	1406	
Zach Wilson	1407	1407	
Elijah Mitchell	1408	1408	
Hunter Long	1409	1409	
Gary Brightwell	1410	1410	
Brevin Jordan	1411	1411	
Ihmir Smith-Marsette	1412	1412	
Tylan Wallace	1413	1413	
Kylen Granson	1414	1414	
Simi Fehoko	1415	1415	
Sam Ehlinger	1416	1416	
Feleipe Franks	1417	1417	
Jaret Patterson	1418	1418	
Kenny Yeboah	1419	1419	
Cody White	1420	1420	
Shane Zylstra	1421	1421	
Patrick Taylor Jr.	1422	1422	
David Sills V	1424	1424	
John Metchie III	1425	1425	
Velus Jones Jr.	1426	1426	
Dameon Pierce	1427	1427	
Jelani Woods	1428	1428	
Danny Gray	1429	1429	
Erik Ezukanma	1430	1430	
Pierre Strong Jr.	1431	1431	
Grant Calcaterra	1432	1432	
Teagan Quitoriano	1433	1433	
Cole Turner	1434	1434	
Ty Chandler	1435	1435	
Jerome Ford	1436	1436	
Bailey Zappe	1437	1437	
James Mitchell	1438	1438	
Samori Toure	1439	1439	
Skylar Thompson	1440	1440	
Chris Oladokun	1441	1441	
Brittain Brown	1442	1442	
Brandon Smith	1443	1443	
Deven Thompkins	1444	1444	
Julius Chestnut	1445	1445	
DJ Turner	1446	1446	
Tim Jones	1447	1447	
Jalen Virgil	1448	1448	
Quintin Morris	1449	1449	
Tanner Conner	1450	1450	
Shane Buechele	1451	1451	
Kendric Pryor	1452	1452	
Ronnie Rivers	1453	1453	
Nikola Kalinic	1454	1454	
Austin Trammell	1455	1455	
Lucas Krull	1456	1456	
Dennis Houston	1457	1457	
Brandon Johnson	1458	1458	
Tay Martin	1459	1459	
Stone Smartt	1461	1461	
Maurice Alexander	1462	1462	
Roschon Johnson	1464	1464	
Will Levis	1465	1465	
Hendon Hooker	1466	1466	
Stetson Bennett IV	1467	1467	
Jalin Hyatt	1468	1468	
Cameron Latu	1469	1469	
Josh Whyle	1470	1470	
Sean Clifford	1471	1471	
Justin Shorter	1472	1472	
Evan Hull	1473	1473	
Israel Abanikanda	1474	1474	
Eric Gray	1475	1475	
Lew Nichols	1476	1476	
Tyler Scott	1477	1477	
Will Mallory	1478	1478	
Scott Matlock	1479	1479	
Ronnie Bell	1480	1480	
Aidan O'Connell	1481	1481	
Trey Palmer	1482	1482	
Brayden Willis	1483	1483	
A.T. Perry	1486	1486	
Colton Dowell	1487	1487	
Jason Brownlee	1488	1488	
Jaleel McLaughlin	1489	1489	
Malik Cunningham	1490	1490	
Julian Hill	1491	1491	
Xavier Gipson	1492	1492	
Irv Charles	1493	1493	
Jake Bobo	1494	1494	
Ben VanSumeren	1495	1495	
Blake Whiteheart	1496	1499	
Princeton Fant	1497	1502	
Shedrick Jackson	1498	1498	
Brady Russell	1499	1496	
Ryan Miller	1500	1500	
Tyler Goodson	1501	1504	
Jordan Mims	1502	1501	
Chris Blair	1503	1497	
Dylan Drummond	1504	1503	
Trey Benson	1505	1505	
Ja'Lynn Polk	1506	1506	
Roman Wilson	1507	1507	
Brenden Rice	1508	1508	
Audric Estime	1509	1509	
Jared Wiley	1510	1510	
Bub Means	1511	1511	
Casey Washington	1512	1512	
Cornelius Johnson	1513	1513	
Jamari Thrash	1514	1514	
Ainias Smith	1515	1515	
Devin Culp	1516	1516	
Jha'Quan Jackson	1517	1517	
Sione Vaki	1519	1519	
Tahj Washington	1520	1520	
Tejhaun Palmer	1521	1521	
Jaheim Bell	1522	1522	
Joe Milton III	1523	1523	
Johnny Wilson	1524	1524	
Tanner McLachlan	1525	1525	
Dante Miller	1526	1526	
Carson Steele	1527	1527	
Colson Yankoff	1528	1528	
Xavier Weaver	1529	1529	
Brenden Bates	1530	1530	
Cody Schrader	1531	1531	
David Martin-Robinson	1532	1532	
Sincere McCormick	1533	1533	
Terrell Jennings	1534	1534	
Bryce Oliver	1535	1535	
Kaden Davis	1536	1536	
Kevin Austin Jr.	1537	1537	
Kendall Milton	1538	1538	
Carlos Washington Jr.	1539	1539	
Cam Grandy	1540	1540	
Jalen Moreno-Cropper	1545	1548	
Frank Gore Jr.	1546	1547	
E.J. Jenkins	1547	1550	
Jared Wayne	1548	1549	
Chris Collier	1549	1541	
Jack Westover	1550	1546	
Dillon Gabriel	1551	1551	
Jalen Milroe	1552	1552	
Jarquez Hunter	1553	1553	
Gavin Bartholomew	1554	1554	
Kalel Mullings	1555	1555	
Jordan Watkins	1556	1556	
Phil Mafah	1557	1557	
Luke Lachey	1559	1559	
Graham Mertz	1560	1560	
Thomas Fidone II	1561	1561	
Kurtis Rourke	1562	1562	
Cam Miller	1563	1563	
Ricky White III	1564	1564	
Damien Martinez	1565	1565	
Caleb Lohner	1566	1566	
Dominic Lovett	1567	1567	
Moliki Matavao	1568	1568	
Junior Bergen	1569	1569	
Kyle McCord	1570	1570	
Devin Neal	1571	1571	
Robbie Ouzts	1573	1573	
Will Howard	1574	1574	
Nick Nash	1575	1575	
Xavier Restrepo	1576	1577	
Isaiah Neyor	1577	1576	
Donovan Edwards	1578	1578	
Corey Kiner	1579	1579	
Theo Wease Jr.	1580	1580	
Raheim Sanders	1581	1583	
Chandler Brayboy	1582	1581	
Lan Larison	1583	1582	
Nathan Carter	1584	1584	
Beaux Collins	1585	1585	
Zavier Scott	1586	1586	
Brady Cook	1587	1587	
Dalen Cambre	1588	1588	
Carter Runyon	1589	1608	
Ben Yurosek	1590	1607	
Treyton Welch	1591	1609	
Keleki Latu	1592	1595	
Nick Kallerup	1593	1600	
Max Brosmer	1594	1589	
Kedon Slovis	1595	1591	
Zaire Mitchell-Paden	1596	1611	
Jackson Meeks	1597	1596	
Hayden Rucci	1598	1601	
Amar Johnson	1599	1605	
Quentin Skinner	1600	1599	
Jacoby Jones	1601	1602	
Zach Horton	1602	1593	
Jacardia Wright	1603	1590	
Ulysses Bentley IV	1604	1606	
Jimmy Holiday	1605	1592	
Drake Dabney	1606	1594	
Coleman Owen	1607	1604	
Brennan Presley	1608	1598	
Dalevon Campbell	1609	1597	
Adrian Martinez	1610	1610	
Chris Brazzell II	1612	1612	
CJ Williams	1613	1631	
Kendrick Law	1614	1615	
Jaren Kanak	1615	1623	
Carsen Ryan	1616	1617	
Deion Burks	1617	1626	
Taylen Green	1618	1620	
Jack Endries	1619	1629	
Bauer Sharp	1620	1613	
Behren Morton	1621	1616	
Jam Miller	1622	1619	
Athan Kaliakmanis	1623	1622	
Seydou Traore	1624	1618	
Eli Heidenreich	1625	1621	
Garrett Nussmeier	1626	1624	
Cole Payton	1627	1625	
Lewis Bond	1628	1614	
Anthony Smith	1629	1630	
Dallen Bentley	1630	1627	
Emmanuel Henderson Jr.	1631	1628	
Michael Trigg	1632	1632	
Jamal Agnew	1741	1741	
Noah Brown	1775	1775	
Darren Waller	1776	1776	
Brandon Powell	1777	1777	
Zach Pascal	1778	1778	
Jordan Akins	1779	1779	
C.J. Ham	1780	1780	
Ray-Ray McCloud III	1781	1781	
Russell Gage Jr.	1782	1782	
Trent Taylor	1783	1783	
DeAndre Carter	1784	1784	
Eric Tomlinson	1785	1785	
Anthony Firkser	1786	1786	
Alex Erickson	1787	1787	
Ross Dwelley	1788	1788	
Joshua Dobbs	1789	1789	
Jeff Driskel	1790	1790	
Dare Ogunbowale	1804	1804	
MyCole Pruitt	1807	1807	
KhaDarel Hodge	1811	1811	
Taylor Heinicke	1812	1812	
Mike White	1813	1813	
Allen Lazard	1814	1814	
Hunter Renfrow	1850	1850	
Josh Reynolds	1851	1851	
C.J. Uzomah	1852	1852	
Cordarrelle Patterson	1853	1853	
Taysom Hill	1854	1854	
Jonnu Smith	1855	1855	
Marcedes Lewis	1856	1856	
Trayveon Williams	1857	1857	
Trevor Siemian	1858	1858	
Ryan Griffin	1859	1859	
Brett Rypien	1872	1872	
John Kelly Jr.	1874	1874	
Jeff Wilson Jr.	1877	1877	
Tim Boyle	1880	1880	
Raheem Mostert	1883	1883	
Jordan Matthews	1884	1884	
Equanimeous St. Brown	1887	1887	
Austin Seibert	1888	1888	
Gerald Everett	1889	1889	
Myles Gaskin	1890	1890	
Miles Sanders	1891	1891	
Hayden Hurst	1892	1892	
Nyheim Hines	1893	1893	
Parris Campbell	1894	1894	
Diontae Johnson	1895	1895	
Irv Smith Jr.	1896	1896	
Greg Joseph	1897	1897	
Alexander Mattison	1898	1898	
Dante Pettis	1899	1899	
Joe Mixon	1900	1900	
Tyreek Hill	1901	1901	
Dalvin Cook	1902	1902	
Nick Chubb	1903	1903	
Will Dissly	1904	1904	
Chase Edmonds	1905	1905	
DJ Chark	1906	1907	
Mike Boone	1907	1908	
Curtis Samuel	1908	1909	
Zay Jones	1909	1910	
D'Onta Foreman	1910	1911	
Kareem Hunt	1911	1912	
Michael Badgley	1912	1913	
Austin Ekeler	1913	1914	
Geoff Swaim	1914	1915	
Ezekiel Elliott	1915	1917	
Gus Edwards	1916	1918	
Mike Williams	1917	1919	
Tyler Boyd	1918	1920	
Younghoe Koo	1919	1921	
Jamaal Williams	1920	1922	
Daniel Carlson	1921	1923	
Tyler Lockett	1922	1924	
Chris Conley	1923	1925	
Amari Cooper	1924	1926	
Nelson Agholor	1925	1927	
Sterling Shepard	1926	1928	
Jamison Crowder	1927	1929	
Robbie Chosen	1928	1930	
DeAndre Hopkins	1929	1931	
Derek Carr	1930	1932	
Allen Robinson	1931	1933	
Keenan Allen	1932	1934	
Zach Ertz	1933	1935	
Justin Tucker	1934	1936	
Brandin Cooks	1935	1937	
Jimmy Garoppolo	1936	1938	
Robert Woods	1937	1939	
Brandon McManus	1938	1940	
Adam Thielen	1939	1941	
Dustin Hopkins	1940	1942	
Greg Zuerlein	1941	1943	
Russell Wilson	1942	1944	
Matt Prater	1943	1945	
Graham Gano	1944	1947	
Tyree Jackson	1945	1948	
Steven Sims	1947	1950	
Deonte Harty	1948	1951	
D'Ernest Johnson	1949	1952	
Khari Blasingame	1957	1960	
Jakob Johnson	1960	1963	
Pharaoh Brown	1965	1968	
Craig Reynolds	1967	1970	
Trenton Irwin	1969	1972	
Donald Parham Jr.	1970	1973	
Clyde Edwards-Helaire	1971	1974	
Cam Akers	1972	1975	
Ke'Shawn Vaughn	1973	1976	
Zack Moss	1974	1977	
Darrynton Evans	1975	1978	
Joshua Kelley	1976	1979	
Antonio Gibson	1977	2021	
Laviska Shenault Jr.	1978	1980	
Harrison Bryant	1995	1998	
Gabe Davis	1996	1999	
Collin Johnson	1997	2000	
James Proche II	2006	2009	
Stephen Sullivan	2011	2014	
Marquez Callaway	2018	2022	
JaMycal Hasty	2019	2023	
J.J. Taylor	2020	2024	
John Wolford	2021	2025	
Trishton Jackson	2022	2026	
Jonathan Ward	2032	2038	
Tony Jones Jr.	2033	2039	
Tony Brown	2035	2045	
Kristian Wilkerson	2036	2043	
Matthew Wright	2038	2051	
Najee Harris	2047	2052	
Kadarius Toney	2048	2053	
Trey Sermon	2049	2054	
Dee Eskridge	2050	2055	
Kyle Trask	2051	2056	
Jermar Jefferson	2062	2067	
Dez Fitzpatrick	2066	2071	
Jaelon Darden	2067	2072	
Khalil Herbert	2068	2073	
Avery Williams	2074	2079	
Zach Davidson	2089	2094	
Jody Fortson	2098	2103	
Riley Patterson	2099	2104	
Parker Hesse	2102	2107	
Mitchell Wilcox	2103	2108	
Giovanni Ricci	2104	2109	
Tyler Mabry	2115	2120	
D.J. Montgomery	2117	2122	
Cody Thompson	2119	2124	
Cade York	2123	2128	
Hassan Haskins	2124	2129	
Zamir White	2125	2130	
Desmond Ridder	2126	2131	
Tyrion Davis-Price	2127	2132	
David Bell	2135	2140	
Keaontay Ingram	2136	2141	
John FitzPatrick	2137	2142	
Michael Woods II	2138	2143	
Nick Muse	2148	2153	
Montrell Washington	2158	2163	
Justyn Ross	2177	2182	
Peyton Hendershot	2179	2184	
Raheem Blackshear	2180	2185	
Troy Hairston	2181	2186	
Andre Baccellia	2188	2209	
Anthony Brown Jr.	2192	2196	
Deuce Vaughn	2208	2213	
Zach Evans	2209	2214	
Anders Carlson	2210	2215	
Christopher Dunn	2215	2220	
Grant DuBose	2217	2222	
Zack Kuntz	2218	2223	
Kenny McIntosh	2235	2240	
Jake Haener	2241	2246	
Dorian Thompson-Robinson	2246	2251	
Antoine Green	2248	2253	
Jaren Hall	2250	2255	
Clayton Tune	2256	2261	
Max Duggan	2260	2265	
DeWayne McBride	2264	2269	
Tanner Brown	2280	2285	
Deneric Prince	2281	2286	
Mohamed Ibrahim	2282	2287	
Joseph Ngata	2283	2288	
Elijah Dotson	2284	2289	
Rakim Jarrett	2285	2290	
Malik Heath	2286	2291	
Chase Cota	2287	2292	
Elijah Cooks	2289	2294	
Kearis Jackson	2290	2295	
Xazavian Valladay	2291	2296	
Tucker Fisk	2302	2307	
Rodney Williams	2303	2345	
Ellis Merriweather	2323	2323	
Henry Pearson	2324	2337	
Travis Vokolek	2336	2325	
Owen Wright	2341	2331	
Terrell Bynum	2342	2322	
Nathan Rourke	2345	2308	
SaRodorick Thompson Jr.	2352	2347	
Lucas Havrisik	2355	2346	
Jermaine Burton	2357	2362	
Joshua Karty	2363	2368	
Jase McClellan	2367	2372	
Javon Baker	2368	2373	
Keilan Robinson	2369	2374	
Jordan Travis	2388	2393	
Devin Leary	2393	2398	
Michael Pratt	2402	2407	
Louis Rees-Zammit	2409	2414	
Blake Watson	2411	2416	
John Stephens Jr.	2412	2417	
Dallin Holker	2413	2418	
Michael Wiley	2415	2420	
Bryce Ford-Wheaton	2417	2422	
Ramel Keyton	2418	2423	
Tyreik McAllister	2419	2424	
Brayden Narveson	2425	2430	
Thomas Odukoya	2426	2431	
Aaron Shampklin	2427	2432	
Parker Romo	2428	2433	
Alex Bachman	2436	2044	
D.J. Williams	2437	2441	
Joshua Cephus	2438	2442	
Jaylen Johnson	2451	2469	
Baylor Cupp	2455	2471	
Anthony Miller	2473	1916	
John Samuel Shenker	2477	2484	
Jacob Kibodi	2478	2481	
Jermaine Jackson	2480	2482	
Jude McAtamney	2481	2480	
Spencer Shrader	2482	2478	
John Ross	2484	1906	
Tommy Mellott	2488	2490	
Kaden Prather	2507	2509	
Caden Davis	2514	2516	
Ja'Corey Brooks	2516	2518	
Sal Cannella	2533	2579	
Jakobie Keeney-James	2534	2557	
Philip Rivers	2557	1946	
Ben Sauls	2565	2580	