Rank	Player	Position	Team
1.50	Bijan Robinson	RB	ATL
2.80	Jahmyr Gibbs	RB	DET
3.00	Josh Allen	QB	BUF
4.40	Ja'Marr Chase	WR	CIN
5.20	Puka Nacua	WR	LAR
6.90	Jaxon Smith-Njigba	WR	SEA
7.50	Drake Maye	QB	NE
7.90	Christian McCaffrey	RB	SF
9.50	Jonathan Taylor	RB	IND
10.70	Lamar Jackson	QB	BAL
11.50	Amon-Ra St. Brown	WR	DET
12.80	James Cook	RB	BUF
13.90	CeeDee Lamb	WR	DAL
14.70	Joe Burrow	QB	CIN
15.10	Justin Jefferson	WR	MIN
15.50	Ashton Jeanty	RB	LV
17.80	Jayden Daniels	QB	WAS
18.10	De'Von Achane	RB	MIA
19.40	Trey McBride	TE	ARI
20.60	Saquon Barkley	RB	PHI
21.90	Brock Bowers	TE	LV
22.20	Caleb Williams	QB	CHI
23.20	Omarion Hampton	RB	LAC
23.30	Kenneth Walker	RB	KC
25.30	Drake London	WR	ATL
26.40	A.J. Brown	WR	NE
27.60	Chase Brown	RB	CIN
28.20	Jalen Hurts	QB	PHI
29.60	Nico Collins	WR	HOU
30.20	George Pickens	WR	DAL
31.40	Jeremiyah Love	RB	ARI
31.70	Derrick Henry	RB	BAL
33.10	Justin Herbert	QB	LAC
34.90	Malik Nabers	WR	NYG
35.60	Chris Olave	WR	NO
36.10	Rashee Rice	WR	KC
37.70	Jaxson Dart	QB	NYG
38.70	Colston Loveland	TE	CHI
39.30	Dak Prescott	QB	DAL
39.80	Josh Jacobs	RB	GB
41.20	Trevor Lawrence	QB	JAX
42.30	Patrick Mahomes	QB	KC
43.90	Breece Hall	RB	NYJ
44.00	Kyren Williams	RB	LAR
45.30	Bo Nix	QB	DEN
46.40	Tetairoa McMillan	WR	CAR
47.30	Tyler Warren	TE	IND
47.50	Tee Higgins	WR	CIN
49.80	Javonte Williams	RB	DAL
50.30	Bucky Irving	RB	TB
51.70	Zay Flowers	WR	BAL
52.80	Brock Purdy	QB	SF
53.30	DeVonta Smith	WR	PHI
54.20	Garrett Wilson	WR	NYJ
55.30	Ladd McConkey	WR	LAC
55.90	Emeka Egbuka	WR	TB
57.40	Cam Skattebo	RB	NYG
58.20	Travis Etienne	RB	NO
59.10	Jaylen Waddle	WR	DEN
60.70	Luther Burden	WR	CHI
61.70	Jared Goff	QB	DET
62.90	Davante Adams	WR	LAR
63.90	TreVeyon Henderson	RB	NE
64.00	Matthew Stafford	QB	LAR
65.70	Quinshon Judkins	RB	CLE
66.80	Jordan Love	QB	GB
67.00	Terry McLaurin	WR	WAS
68.30	D'Andre Swift	RB	CHI
69.30	Sam LaPorta	TE	DET
70.90	Jameson Williams	WR	DET
71.60	David Montgomery	RB	HOU
71.70	Baker Mayfield	QB	TB
73.80	DJ Moore	WR	BUF
74.30	Harold Fannin	TE	CLE
75.50	Bhayshul Tuten	RB	JAX
76.20	Mike Evans	WR	SF
77.90	Tucker Kraft	TE	GB
78.60	Kyle Pitts	TE	ATL
79.00	Carnell Tate	WR	TEN
79.50	Rome Odunze	WR	CHI
81.40	Christian Watson	WR	GB
82.20	Tyler Shough	QB	NO
83.70	Jaylen Warren	RB	PIT
84.20	Kyler Murray	QB	MIN
85.20	Sam Darnold	QB	SEA
86.40	RJ Harvey	RB	DEN
87.70	Jadarian Price	RB	SEA
88.00	Brian Thomas	WR	JAX
89.50	Jordyn Tyson	WR	NO
90.20	Parker Washington	WR	JAX
91.80	DK Metcalf	WR	PIT
92.90	Marvin Harrison	WR	ARI
93.00	Rhamondre Stevenson	RB	NE
94.00	Dalton Kincaid	TE	BUF
95.50	C.J. Stroud	QB	HOU
95.90	Courtland Sutton	WR	DEN
97.80	Cam Ward	QB	TEN
98.30	Michael Wilson	WR	ARI
99.90	Chuba Hubbard	RB	CAR
100.00	Tony Pollard	RB	TEN
101.70	Travis Kelce	TE	KC
102.30	Fernando Mendoza	QB	LV
103.20	Makai Lemon	WR	PHI
103.90	Rico Dowdle	RB	PIT
105.70	George Kittle	TE	SF
106.60	Malik Willis	QB	MIA
107.10	Kyle Monangai	RB	CHI
108.70	Jake Ferguson	TE	DAL
109.70	Daniel Jones	QB	IND
110.20	J.K. Dobbins	RB	DEN
111.60	Chris Godwin	WR	TB
112.00	Bryce Young	QB	CAR
113.50	Mark Andrews	TE	BAL
114.40	Alec Pierce	WR	IND
115.30	Blake Corum	RB	LAR
116.80	Isaiah Likely	TE	NYG
117.30	Jakobi Meyers	WR	JAX
118.70	Dallas Goedert	TE	PHI
119.40	Michael Pittman	WR	PIT
119.60	Jordan Addison	WR	MIN
121.90	Oronde Gadsden	TE	LAC
122.70	Jayden Reed	WR	GB
123.90	Quentin Johnston	WR	LAC
124.80	Josh Downs	WR	IND
125.20	Kenny Gainwell	RB	TB
126.80	Wan'Dale Robinson	WR	TEN
127.10	Hunter Henry	TE	NE
127.80	Jonathon Brooks	RB	CAR
129.40	Stefon Diggs	WR	WAS
130.00	Jacory Croskey-Merritt	RB	WAS
131.80	Aaron Jones	RB	MIN
132.00	Jordan Mason	RB	MIN
133.00	Brenton Strange	TE	JAX
134.50	KC Concepcion	WR	CLE
135.70	Xavier Worthy	WR	KC
135.80	Rachaad White	RB	WAS
137.40	Romeo Doubs	WR	NE
138.80	Matthew Golden	WR	GB
139.00	Kenyon Sadiq	TE	NYJ
140.40	Jayden Higgins	WR	HOU
141.60	Khalil Shakir	WR	BUF
142.50	Deebo Samuel	WR	SF
143.20	Jalen Coker	WR	CAR
143.20	Tyler Allgeier	RB	ARI
145.90	Brian Robinson	RB	ATL
146.70	Tyrone Tracy	RB	NYG
147.80	Jacoby Brissett	QB	ARI
148.70	Aaron Rodgers	QB	PIT
149.80	Geno Smith	QB	NYJ
150.60	Dalton Schultz	TE	HOU
151.50	Juwan Johnson	TE	NO
151.70	Chig Okonkwo	TE	WAS
153.00	Zach Charbonnet	RB	SEA
154.80	T.J. Hockenson	TE	MIN
155.80	De'Zhaun Stribling	WR	SF
156.00	Chris Rodriguez	RB	JAX
157.90	AJ Barner	TE	SEA
158.50	Rashid Shaheed	WR	SEA
159.60	Denzel Boston	WR	CLE
159.70	Woody Marks	RB	HOU
161.30	Alvin Kamara	RB	NO
162.90	Jonah Coleman	RB	DEN
163.40	Omar Cooper	WR	NYJ
164.60	Tyjae Spears	RB	TEN
165.10	Jauan Jennings	WR	MIN
166.70	Travis Hunter	WR	JAX
167.30	Los Angeles Rams	DEF	LAR
168.00	Brandon Aubrey	K	DAL
169.10	Houston Texans	DEF	HOU
170.70	Seattle Seahawks	DEF	SEA
171.00	Cameron Dicker	K	LAC
172.30	Denver Broncos	DEF	DEN
173.10	Philadelphia Eagles	DEF	PHI
174.30	Ka'imi Fairbairn	K	HOU
175.50	Cam Little	K	JAX
175.60	Baltimore Ravens	DEF	BAL
177.70	New England Patriots	DEF	NE
178.00	Tua Tagovailoa	QB	ATL
179.30	Keaton Mitchell	RB	LAC
180.40	Jalen Nailor	WR	LV
181.20	Shedeur Sanders	QB	CLE
182.40	Gunnar Helm	TE	TEN
183.10	Ja'Kobi Lane	WR	BAL
183.90	Kirk Cousins	QB	LV
185.90	Isiah Pacheco	RB	DET
186.80	Cade Otton	TE	TB
187.00	Jalen McMillan	WR	TB
188.00	James Conner	RB	ARI
189.30	Tank Bigsby	RB	PHI
190.50	Emmett Johnson	RB	KC
191.10	David Njoku	TE	LAC
191.30	Dylan Sampson	RB	CLE
193.60	Zachariah Branch	WR	ATL
194.20	Terrance Ferguson	TE	LAR
195.80	Michael Penix	QB	ATL
196.60	Jerry Jeudy	WR	CLE
197.30	Tre Tucker	WR	LV
198.80	Antonio Williams	WR	WAS
199.20	Tank Dell	WR	HOU
199.40	Nicholas Singleton	RB	TEN
201.20	Mike Washington	RB	LV
202.30	Braelon Allen	RB	NYJ
203.70	Jason Myers	K	SEA
204.10	Harrison Mevis	K	LAR
205.70	Chris Boswell	K	PIT
206.80	Pittsburgh Steelers	DEF	PIT
207.10	Jake Bates	K	DET
207.90	Minnesota Vikings	DEF	MIN
209.90	Detroit Lions	DEF	DET
210.60	Harrison Butker	K	KC
211.20	Jacksonville Jaguars	DEF	JAX
212.20	Andy Borregales	K	NE
213.30	Eddy Pineiro	K	SF
214.70	Deshaun Watson	QB	CLE
215.20	Greg Dulcich	TE	MIA
215.70	Malik Washington	WR	MIA
217.30	Pat Freiermuth	TE	PIT
218.70	Carson Beck	QB	ARI
219.00	MarShawn Lloyd	RB	GB
220.40	Cyrus Allen	WR	KC
221.10	Tre' Harris	WR	LAC
222.30	Adonai Mitchell	WR	NYJ
223.40	Eli Stowers	TE	PHI
223.70	Isaac TeSlaa	WR	DET
225.00	Ryan Flournoy	WR	DAL
226.70	Colby Parkinson	TE	LAR
227.00	Ty Simpson	QB	LAR
228.50	Tyreek Hill	WR	
229.20	Kayshon Boutte	WR	NE
230.40	Dontayvion Wicks	WR	PHI
231.10	Kimani Vidal	RB	LAC
231.70	Pat Bryant	WR	DEN
233.40	Mike Gesicki	TE	CIN
234.50	Jake Tonges	TE	SF
235.80	Trey Benson	RB	ARI
236.90	Germie Bernard	WR	PIT
237.10	Kaytron Allen	RB	WAS
238.50	Jaydon Blue	RB	DAL
239.10	Evan Engram	TE	DEN
239.70	Malachi Fields	WR	NYG
241.30	J.J. McCarthy	QB	MIN
242.10	Ray Davis	RB	BUF
243.30	Ted Hurst	WR	TB
244.80	Cooper Kupp	WR	SEA
245.70	Mason Taylor	TE	NYJ
246.40	Demond Claiborne	RB	MIN
247.10	Sean Tucker	RB	TB
247.50	Kaelon Black	RB	SF
249.00	Troy Franklin	WR	DEN
250.20	Calvin Ridley	WR	TEN
251.30	Chris Bell	WR	MIA
252.10	Mac Jones	QB	SF
253.70	Theo Johnson	TE	NYG
254.60	Tory Horton	WR	SEA
255.90	Chimere Dike	WR	TEN
255.90	Jaylen Wright	RB	MIA
257.30	Elijah Sarratt	WR	BAL
258.20	Rashod Bateman	WR	BAL
259.30	Keon Coleman	WR	BUF
260.20	Darnell Mooney	WR	NYG
261.40	Emanuel Wilson	RB	SEA
262.90	Evan McPherson	K	CIN
263.50	Will Reichard	K	MIN
263.60	Los Angeles Chargers	DEF	LAC
265.00	Green Bay Packers	DEF	GB
266.30	Darren Waller	TE	CAR
267.40	Tyler Loop	K	BAL
268.10	Kansas City Chiefs	DEF	KC
269.40	Caleb Douglas	WR	MIA
270.40	Ricky Pearsall	WR	SF
271.10	Justice Hill	RB	BAL
271.30	George Holani	RB	SEA
273.20	Jordan James	RB	SF
274.00	Darnell Washington	TE	PIT
275.10	Justin Fields	QB	KC
276.40	Michael Mayer	TE	LV
277.20	Elijah Arroyo	TE	SEA
278.80	Samaje Perine	RB	CIN
279.20	Jaylin Noel	WR	HOU
279.70	Keenan Allen	WR	IND
281.90	Eli Raridon	TE	NE
282.30	Cole Kmet	TE	CHI
283.80	Cade Klubnik	QB	NYJ
284.20	Jack Bech	WR	LV
285.50	Dawson Knox	TE	BUF
286.30	Skyler Bell	WR	BUF
287.00	LeQuint Allen	RB	JAX
288.00	Devaughn Vele	WR	NO
289.50	Tyquan Thornton	WR	KC
290.70	Elic Ayomanor	WR	TEN
291.90	Anthony Richardson	QB	IND
292.80	Jameis Winston	QB	NYG
293.60	Andrei Iosivas	WR	CIN
294.10	Brandon Aiyuk	WR	SF
295.00	Max Klare	TE	LAR
295.80	Christian Kirk	WR	SF
297.50	Marvin Mims	WR	DEN
298.30	Najee Harris	RB	NYG
299.00	Kaleb Johnson	RB	PIT
300.50	Joe Mixon	RB	
301.60	Dallas Cowboys	DEF	DAL
302.20	Buffalo Bills	DEF	BUF
303.50	Chase McLaughlin	K	TB
303.50	San Francisco 49ers	DEF	SF
305.60	Wil Lutz	K	DEN
306.50	Chicago Bears	DEF	CHI
307.00	New York Giants	DEF	NYG
308.00	Odell Beckham	WR	NYG
309.40	Seth McGowan	RB	IND
310.10	Adam Randall	RB	BAL
311.30	Joe Flacco	QB	CIN
311.60	KaVontae Turpin	WR	DAL
313.20	Chris Brooks	RB	GB
314.90	Charlie Kolar	TE	LAC
315.30	Ollie Gordon	RB	MIA
316.30	Oscar Delp	TE	NO
317.60	Emari Demercado	RB	KC
318.70	Brenen Thompson	WR	LAC
319.10	Jahan Dotson	WR	ATL
319.20	Justin Joly	TE	DEN
321.20	Darius Slayton	WR	NYG
322.10	Isaiah Davis	RB	NYJ
323.00	Noah Gray	TE	KC
324.40	Xavier Legette	WR	CAR
325.50	Marcus Mariota	QB	WAS
326.30	Zavion Thomas	WR	CHI
327.60	Kyle Williams	WR	NE
327.90	DeMario Douglas	WR	NE
329.00	Ty Johnson	RB	BUF
330.00	Jalen Milroe	QB	SEA
331.60	Brashard Smith	RB	KC
332.50	Devin Neal	RB	NO
333.10	Will Howard	QB	PIT
334.80	Michael Trigg	TE	DAL
335.20	Riley Leonard	QB	IND
335.80	Garrett Nussmeier	QB	KC
336.00	Quinn Ewers	QB	MIA
337.10	Kendre Miller	RB	NO
338.00	Mike Nugent	K	
339.00	Davis Cheek	QB	
339.70	Ja'Tavion Sanders	TE	CAR
340.00	Clayton Tune	QB	
341.00	Randy Bullock	K	
341.70	Jarquez Hunter	RB	LAR
342.00	Blake Watson	RB	
343.00	Greg Zuerlein	K	
343.80	Audric Estime	RB	NO
344.00	DaeSean Hamilton	WR	
345.00	Anders Carlson	K	
346.00	Travell Harris	WR	
347.00	Jonathan Garibay	K	
348.00	Brenden Rice	WR	
349.00	Graham Gano	K	
350.70	Rodrigo Blankenship	K	
351.00	Stephen Hauschka	K	
352.00	Alex Hale	K	
353.00	Christopher Dunn	K	
354.00	Dayton Wade	WR	BAL
355.00	Lamar Jordan	QB	
356.00	Golden Tate	WR	
357.00	Matthew Trickett	K	
358.00	Dane Key	WR	DEN
359.00	Kai Forbath	K	
359.50	Terion Stewart	RB	KC
361.00	Camren McDonald	TE	
362.00	Xavier Guillory	WR	BAL
363.00	Chase Cota	WR	
364.00	Chase Cota	WR	
365.00	Cody Fajardo	QB	
366.00	Shea Patterson	QB	
367.00	Mark Gronowski	QB	MIA
368.00	Xazavian Valladay	RB	
369.00	Matt Corral	QB	
370.00	Brandon Williams	TE	
371.00	Mike White	QB	
372.00	Uzoma Nwachukwu	WR	
373.00	Bronson Rechsteiner	RB	
374.00	Roland Rivers	QB	
375.00	Anthony Landphere	TE	
376.00	Travis Benjamin	WR	
377.00	Jaret Patterson	RB	LAC
378.50	Tyre Brady	WR	
379.80	Derek Wright	WR	
380.00	Chase Daniel	QB	
381.80	Josh Love	QB	
382.90	Corey Sutton	WR	
383.00	Aeneas Dennis	QB	
383.20	Jason Witten	TE	
385.80	Matt Prater	K	
386.50	Brady Cook	QB	NYJ
387.00	Squirrel White	WR	
388.00	Nathan Carter	RB	ATL
389.10	A.J. Ouellette	RB	
390.30	Britain Covey	WR	PHI
391.00	Gabe Nabers	RB	
391.50	Ray-Ray McCloud	WR	CHI
393.00	James Proche	WR	
394.20	Stephen Gostkowski	K	
395.30	Emmanuel Henderson	WR	SEA
396.00	Kalil Pimpleton	WR	
397.70	Scotty Miller	WR	CHI
398.30	Jimmy Kibble	WR	NE
399.00	Greg Bell	RB	
399.80	A.J. Richardson	WR	
401.00	Noah Brown	WR	LV
402.00	Paul Richardson	WR	
403.80	Jack Coan	QB	
404.30	Dean Connors	RB	LAR
405.80	Chris Moore	WR	BAL
406.60	Xavier Loyd	WR	KC
407.10	Chris Naggar	K	
407.80	Trace McSorley	QB	
409.00	Travon McMillian	RB	
410.30	Justin Tucker	K	
411.80	Josh Pederson	TE	
412.00	Fred Brown	WR	
413.60	Camden Brown	WR	DAL
414.50	Jarvis Landry	WR	
415.50	Hassan Haskins	RB	NE
415.80	Cole Kelley	QB	
417.20	Parker White	K	
418.50	Tony Brooks-James	RB	
419.50	Spencer Sanders	QB	
420.80	A.J. Green	WR	
421.00	Cody Schrader	RB	DEN
422.80	Robert Henry	RB	WAS
423.00	Jalen Simmons	RB	
424.00	Jalen McCleskey	WR	
425.50	Mikey Daniel	RB	
426.50	Taulia Tagovailoa	QB	
427.00	D.J. Montgomery	WR	IND
428.20	Ian Book	QB	
429.00	Marshawn Lynch	RB	
430.10	Josh Imatorbhebhe	WR	
431.50	Tanner Brown	K	NO
431.80	Peyton Hendershot	TE	
433.00	Tre' McKitty	TE	WAS
434.80	Brandon McManus	K	
435.00	Stephon Robinson	WR	
436.50	Geor'Quarius Spivey	TE	
437.40	Adam Vinatieri	K	
438.00	Jake Haener	QB	NYG
439.00	Stephen Carlson	TE	CHI
439.50	Taylor Heinicke	QB	
441.90	Dez Bryant	WR	
442.30	Reggie Gilliam	RB	NE
443.00	Donovan Edwards	RB	MIA
444.50	Jake Funk	RB	
445.50	Matt Moore	QB	
446.30	Blake Bortles	QB	NO
447.00	Mason Kinsey	WR	TEN
448.00	Dohnte Meyers	WR	CIN
449.30	Ricky Person	RB	
450.40	Larry Fitzgerald	WR	
451.00	A.J. Rose	RB	
452.00	Alex Quevedo	K	
453.00	Cody Parkey	K	
454.50	Todd Gurley	RB	
455.50	Tony Poljan	TE	
456.00	Kylin Hill	RB	
457.00	Cam Worthy	WR	
458.30	Joshua Pitsenberger	RB	HOU
459.50	Sam Hartman	QB	WAS
460.30	Adam Humphries	WR	
461.80	DeMeer Blankumsee	WR	
462.00	Eli Jenkins	QB	
463.50	Simi Fehoko	WR	ARI
463.50	Tristan Vizcaino	K	
465.80	Ricky White	WR	SEA
466.80	Riley Neal	QB	
467.00	Ryan Becker	TE	
468.50	Gary Jennings	WR	
469.50	Davis Koppenhaver	TE	
470.70	Tim Tebow	TE	
471.20	Teagan Quitoriano	TE	ARI
472.00	Mike Rigerman	TE	
473.00	Tim Cook	RB	
474.00	Derek Carr	QB	
475.30	Athan Kaliakmanis	QB	WAS
476.00	Skyler Howard	QB	SEA
477.30	A.T. Perry	WR	
478.30	Jacob De Jesus	WR	KC
479.00	Diontae Johnson	WR	
480.00	Lenny Krieg	K	
481.00	Bryce Love	RB	
482.50	Jacob Clark	QB	LV
483.50	Dalvin Cook	RB	
484.00	Ulysses Bentley	RB	IND
485.00	Noah Whittington	RB	HOU
486.50	Jimmy Bell	TE	
487.50	Tom Kennedy	WR	DET
487.50	Wesley Grimes	WR	SF
489.00	Joey Aguilar	QB	JAX
490.50	Michael Thomas	WR	
491.50	Josh Gordon	WR	
492.00	Bub Means	WR	NO
493.00	Ezekiel Elliott	RB	
494.00	Floyd Allen	WR	
495.30	Brock Rechsteiner	WR	NO
496.00	Aidan O'Connell	QB	LV
497.50	EJ Smith	RB	KC
498.30	Samori Toure	WR	PHI
499.30	Lenard Tillery	RB	
500.50	Kurtis Rourke	QB	SF
501.50	Mike Glennon	QB	
502.80	Nick Foles	QB	
503.20	Warren Jackson	WR	
503.30	Josh Johnson	WR	
506.00	Robbie Gould	K	
507.50	James Robinson	RB	
508.50	Changa Hodge	WR	
509.30	LeSean McCoy	RB	
510.00	Adam Choice	RB	
511.50	Shane Leatherbury	WR	
512.00	Jimmy Garoppolo	QB	
513.00	Alex Smith	QB	
514.80	DeeJay Dallas	RB	JAX
515.90	Younghoe Koo	K	
516.50	Vernon Davis	TE	
517.70	Henry Ruggs	WR	
518.80	Cade McDonald	WR	
519.40	Jermar Jefferson	RB	MIN
519.50	Antonio Brown	WR	
521.30	Trey Smack	K	GB
522.40	Philip Rivers	QB	
523.50	Myles Montgomery	RB	
524.30	Alex Kessman	K	CAR
525.80	Khari Blasingame	RB	
526.00	Reid Sinnett	QB	
527.30	Adam Thielen	WR	
527.50	Kennedy Brooks	RB	
529.10	Tom Brady	QB	
530.50	Reggie Begelton	WR	
531.20	Frank Gore	RB	
532.50	Sewo Olonilua	RB	
533.30	Las Vegas Raiders	DEF	LV
534.30	Cameron Latu	TE	PHI
535.90	Dylan Laube	RB	LV
536.00	Johnathan Lloyd	WR	
537.30	AJ McCarron	QB	
538.10	Zamir White	RB	SF
539.40	Miami Dolphins	DEF	MIA
540.50	Brian Hoyer	QB	
541.00	Stanley Berryhill	WR	
542.00	Tavon Austin	WR	
542.90	Rob Gronkowski	TE	
543.30	Mike DiLiello	QB	
543.50	Moose Muhammad	WR	
545.00	Talolo Limi-Jones	WR	
546.80	Lewis Bond	WR	HOU
547.90	Adrian Peterson	RB	
548.20	Monte Pottebaum	RB	
549.00	Luke Benson	TE	
550.50	Cincinnati Bengals	DEF	CIN
551.50	Jared Wiley	TE	KC
551.50	Spencer Shrader	K	IND
553.70	Ben Skowronek	WR	PIT
554.00	Adam Prentice	RB	DEN
555.00	British Brooks	RB	HOU
556.00	Shane Buechele	QB	BUF
557.50	Max Bredeson	TE	MIN
558.50	Davis Webb	QB	
559.00	Luke Altmyer	QB	DET
559.00	Martavis Bryant	WR	
559.90	Tim Jones	WR	JAX
561.00	James Blackman	QB	
562.10	Cleveland Browns	DEF	CLE
563.00	DeSean Jackson	WR	
563.50	Caden Prieskorn	TE	CAR
564.90	Robert Tonyan	TE	PIT
565.00	Tennessee Titans	DEF	TEN
566.00	Luke Farrell	TE	SF
567.00	Jake Rudock	QB	
567.20	Hakeem Butler	TE	DEN
569.50	Freddie Swain	WR	
570.30	Ty Montgomery	RB	
571.00	Garrett Groshek	RB	
572.00	Mecole Hardman	WR	BUF
573.00	Ben Roethlisberger	QB	PIT
574.70	Russell Wilson	QB	
575.00	Jake Butt	TE	
576.00	Austin Seibert	K	
577.10	Ben Mason	TE	
578.00	Tampa Bay Buccaneers	DEF	TB
579.00	Pharoh Cooper	WR	
580.00	Ke'Shawn Williams	WR	CIN
581.10	Drew Brees	QB	
582.50	Jake Elliott	K	PHI
583.30	Dan Bailey	K	
583.30	Tyler Bass	K	BUF
585.20	Avery Williams	RB	
586.50	James White	RB	
587.00	Gabriel Benyard	WR	
588.00	Feleipe Franks	TE	CAR
589.00	Demetris Robertson	WR	
590.10	Alex Tanney	QB	
591.30	Arizona Cardinals	DEF	ARI
591.60	AJ Dillon	RB	CAR
593.80	Daniel Carlson	K	
594.00	Brogan Roback	QB	
595.50	Daniel Sobkowicz	WR	HOU
596.50	Jimmy Graham	TE	
597.00	New York Jets	DEF	NYJ
598.00	Gerald Everett	TE	
599.20	Charlie Smyth	K	NO
599.50	Bobo Wilson	WR	
599.50	Jelani Woods	TE	NYJ
601.10	Andre Baccellia	WR	
602.90	Washington Commanders	DEF	WAS
603.50	Kye Robichaux	RB	DET
604.00	Michael Crabtree	WR	
605.20	Ronnie Rivers	RB	LAR
606.20	Joshua Dobbs	QB	DET
607.00	Erik Krommenhoek	TE	
608.00	Cyrus Holder	WR	
609.00	Trinity Benson	WR	
610.30	Ben DiNucci	QB	
611.30	Cole Beasley	WR	
612.50	Zach Wilson	QB	NO
613.50	De'Montre Tuggle	RB	
614.00	Atlanta Falcons	DEF	ATL
615.20	New Orleans Saints	DEF	NO
615.50	Kaden Wetjen	WR	PIT
617.10	Kazmeir Allen	WR	
618.00	Jamal Haynes	RB	CIN
619.00	Brady Russell	TE	SEA
619.60	Darius Cooper	WR	PHI
620.00	Tyler Davis	TE	
621.00	Payton Thorne	QB	
622.50	Devontres Dukes	WR	
623.30	Braxton Berrios	WR	NYG
623.50	Malcolm Perry	WR	
625.00	Ihmir Smith-Marsette	WR	ARI
626.20	Tyler Goodson	RB	ATL
627.30	Andre Szmyt	K	CLE
628.60	Cairo Santos	K	CHI
629.20	Haynes King	QB	CAR
630.80	James McCourt	K	
631.10	Joey Slye	K	TEN
631.70	Jalen Brooks	WR	ARI
633.30	Derius Davis	WR	LAC
634.90	Stetson Bennett	QB	LAR
635.90	Carolina Panthers	DEF	CAR
636.20	Camerun Peoples	RB	
637.60	Chad Ryland	K	ARI
638.00	Diego Pavia	QB	
639.00	Jermaine Burton	WR	
639.20	Javess Blue	WR	
640.50	Jack Strand	QB	ATL
641.50	Cam Grandy	TE	CIN
642.00	Dee Eskridge	WR	
643.00	Indianapolis Colts	DEF	IND
643.20	Patrick Ricard	RB	NYG
644.00	Matt Gay	K	LV
645.90	Barion Brown	WR	NO
646.00	Spencer Rattler	QB	NO
646.00	Zach Zenner	RB	
647.20	Kameron Johnson	WR	TB
647.50	Amar Johnson	RB	LAC
648.00	Paul Quessenberry	TE	
649.10	Tyler Higbee	TE	LAR
649.30	David Moore	WR	CAR
650.50	Artavis Pierce	RB	
651.00	Drew Allar	QB	PIT
651.90	Roman Wilson	WR	PIT
652.50	Seydou Traore	TE	MIA
653.00	Sam Ehlinger	QB	DEN
653.10	Myles Price	WR	MIN
653.60	Savion Williams	WR	GB
654.30	Jake Bobo	WR	SEA
655.50	Tyler Simmons	WR	
655.80	Roman Hemby	RB	LV
657.00	Sandro Platzgummer	RB	
657.90	Kendrick Bourne	WR	ARI
658.00	Austin Trammell	WR	JAX
659.00	Albert Okwuegbunam	TE	LV
659.90	Isaiah Bond	WR	CLE
660.00	Jason Huntley	RB	
661.50	Tip Reiman	TE	ARI
661.70	Jacob Saylors	RB	DET
662.40	Drew Stevens	K	WAS
663.00	Josh Whyle	TE	GB
663.60	Malik Davis	RB	DAL
664.00	Cade Johnson	WR	
664.40	Zach Ertz	TE	
665.10	Drew Lock	QB	SEA
665.60	Tez Johnson	WR	TB
666.00	Marlin Klein	TE	HOU
666.50	Bailey Zappe	QB	NYJ
667.40	Ryan Fitzgerald	K	CAR
667.50	Reggie Virgil	WR	ARI
668.90	Malik Benson	WR	LV
669.20	Anthony Gould	WR	IND
669.30	Treylon Burks	WR	WAS
669.90	Blake Grupe	K	IND
670.30	Jimmy Horn	WR	CAR
670.50	Charlie Jones	WR	CIN
671.20	Trey Lance	QB	LAC
671.50	Hunter Renfrow	WR	
671.50	Terrace Marshall	WR	MIA
671.60	Tommy Tremble	TE	CAR
672.00	Kene Nwangwu	RB	NYJ
673.00	Devin Duvernay	WR	ARI
673.20	Xavier Restrepo	WR	TEN
673.30	Dedrick Mills	RB	
674.50	Nick Sciba	K	
674.50	Spencer Nigh	RB	
674.90	Isaiah Williams	WR	NYJ
675.50	Cade Brewer	TE	
675.50	Trevor Wood	TE	
676.00	Will Shipley	RB	PHI
676.50	Blaine Gabbert	QB	
676.60	Dillon Gabriel	QB	CLE
677.00	Lan Larison	RB	NE
677.00	Rashad Rochelle	WR	SEA
677.10	Tommy DeVito	QB	NE
677.80	Aaron Anderson	WR	
678.00	Will Levis	QB	TEN
678.30	Cade York	K	NYJ
678.30	Isaac Guerendo	RB	SF
679.00	Isaiah Neyor	WR	GB
679.50	Montorie Foster	WR	SEA
679.50	Nathan Peterman	QB	
679.60	Kyle Juszczyk	RB	SF
679.90	Tyson Bagent	QB	CHI
680.00	Jaydn Ott	RB	KC
680.10	CJ Daniels	WR	LAR
680.50	Jordan Jones	RB	
681.10	Jaleel McLaughlin	RB	DEN
681.60	Justin Jones	RB	
681.70	DeAndre Hopkins	WR	
681.70	Rasheen Ali	RB	BAL
681.80	Adam Trautman	TE	DEN
682.00	Andrew Armstrong	WR	KC
682.50	Cam Newton	QB	
682.50	Jason Sanders	K	NYJ
682.60	Demarcus Robinson	WR	SF
683.00	Jalen Virgil	WR	
683.20	Jalen Tolbert	WR	MIA
683.50	Efton Chism	WR	NE
683.50	Tahj Brooks	RB	CIN
683.90	Colson Yankoff	TE	WAS
683.90	Jalen Royals	WR	KC
684.10	Jake Moody	K	
684.30	Ben Sauls	K	NYG
685.10	Daniel Bellinger	TE	TEN
685.20	Mack Hollins	WR	NE
685.40	Nick Folk	K	ATL
685.50	Malick Meiga	WR	
685.60	Erick All	TE	CIN
685.90	Khalil Herbert	RB	
686.00	Davis Mills	QB	HOU
686.10	Nick Chubb	RB	
686.20	C.J. Johnson	WR	
686.20	Jonnu Smith	TE	
686.40	Grant Calcaterra	TE	PHI
687.10	Jake Browning	QB	TB
687.40	Zack Kuntz	TE	DAL
687.50	Robert Griffin	QB	
687.60	Jeff Weimer	WR	KC
687.60	Riley Patterson	K	MIA
687.60	Tyrod Taylor	QB	GB
687.70	Devin Singletary	RB	NYG
688.30	Joe Milton	QB	DAL
688.60	Joshua Palmer	WR	BUF
688.70	Samson Nacua	WR	
689.00	Amari Rodgers	WR	
689.00	Dominic Zvada	K	NYG
689.60	Tutu Atwell	WR	MIA
689.90	Mason Rudolph	QB	PIT
690.00	Tyreik McAllister	RB	
690.00	Will Grier	QB	
690.30	Hendon Hooker	QB	TEN
690.50	D'Eriq King	QB	
691.00	Nate Sudfeld	QB	
691.40	DJ Giddens	RB	IND
691.40	Eli Heidenreich	RB	PIT
691.40	Jalin Hyatt	WR	NYG
691.40	John Metchie	WR	CAR
691.50	Omari Evans	WR	KC
692.20	Luke Musgrave	TE	GB
692.70	Aaron Shampklin	RB	
692.70	Grant Finley	RB	NYG
692.70	Matt Ryan	QB	
692.80	Grayson Gunter	TE	
692.80	Kevin Coleman	WR	MIA
692.80	Nikko Remigio	WR	KC
693.00	T.J. Pledger	RB	
693.40	Theo Wease	WR	MIA
693.70	Trevor Etienne	RB	CAR
694.00	Andy Isabella	WR	
694.10	Phil Mafah	RB	DAL
694.40	Anthony Sherman	RB	
694.80	Elijah Moore	WR	PHI
694.80	Taylen Green	QB	CLE
695.30	Will Kacmarek	TE	MIA
695.50	Trey Sermon	RB	ATL
695.50	Tyren Montgomery	WR	TEN
695.70	Bryce Lance	WR	NO
695.90	Matt Hibner	TE	BAL
695.90	Montrell Washington	WR	
695.90	Tyler Huntley	QB	BAL
696.50	Roc Taylor	WR	CAR
696.70	Julio Jones	WR	
696.80	Trayvon Rudolph	WR	MIN
697.30	Luke McCaffrey	WR	WAS
697.50	Colbie Young	WR	CIN
697.70	Kalif Raymond	WR	CHI
698.00	Gardner Minshew	QB	ARI
698.70	J'Mari Taylor	RB	JAX
698.80	Olamide Zaccheaus	WR	ATL
698.90	Taysom Hill	TE	
699.00	Marquise Brown	WR	PHI
699.20	Mark Ingram	RB	
699.30	Calvin Austin	WR	NYG
699.30	Greg Dortch	WR	DET
699.30	Jadon Haselwood	WR	
699.30	Lucas Havrisik	K	
699.50	Jake Verity	K	
699.60	Israel Abanikanda	RB	DAL
700.10	Dont'e Thornton	WR	LV
700.40	Jacob Copeland	WR	
700.50	ZaQuandre White	RB	
700.60	Chris Brazzell	WR	CAR
700.60	Skyy Moore	WR	GB
