Rank,Player,Pos,Team,Avg ADP,# Sites,ESPN,Yahoo,Sleeper,FantasyPros,PFF,Underdog,RTSports,DraftSharks
1,Jahmyr Gibbs,RB,DET,1.35,8,1.0,1.7,2.0,1.0,1.0,1.1,1.0,2.0
2,Bijan Robinson,RB,ATL,1.69,7,2.0,1.8,1.0,2.0,,2.0,2.0,1.0
3,Ja'Marr Chase,WR,CIN,3.41,8,4.0,3.2,3.0,3.0,5.0,3.1,3.0,3.0
4,Puka Nacua,WR,LAR,3.81,8,3.0,4.5,4.0,4.0,3.0,4.0,4.0,4.0
5,Christian McCaffrey,RB,SF,5.45,8,6.0,5.5,5.0,5.0,6.0,6.1,5.0,5.0
6,Jaxon Smith-Njigba,WR,SEA,6.22,8,5.0,6.2,7.0,6.0,7.0,5.6,6.0,7.0
7,Jonathan Taylor,RB,IND,6.49,8,7.0,7.1,6.0,7.0,4.0,7.8,7.0,6.0
8,Amon-Ra St. Brown,WR,DET,8.46,8,8.0,8.6,8.0,8.0,11.0,7.1,9.0,8.0
9,James Cook III,RB,BUF,9.84,8,12.0,9.9,9.0,9.0,9.0,10.8,10.0,9.0
10,Justin Jefferson,WR,MIN,10.7,8,11.0,12.2,11.0,11.0,8.0,10.4,11.0,11.0
11,CeeDee Lamb,WR,DAL,10.95,8,9.0,10.0,10.0,12.0,12.0,9.6,15.0,10.0
12,Ashton Jeanty,RB,LV,11.95,8,15.0,13.5,12.0,10.0,13.0,12.1,8.0,12.0
13,De'Von Achane,RB,MIA,13.36,8,10.0,15.6,14.0,13.0,10.0,18.3,12.0,14.0
14,Saquon Barkley,RB,PHI,14.71,8,19.0,13.1,13.0,14.0,16.0,13.6,16.0,13.0
15,Chase Brown,RB,CIN,16.04,8,21.0,16.9,17.0,15.0,14.0,15.4,13.0,16.0
16,Omarion Hampton,RB,LAC,16.04,8,18.0,18.6,15.0,16.0,17.0,14.7,14.0,15.0
17,Drake London,WR,ATL,17.48,8,14.0,17.6,16.0,17.0,18.0,21.2,19.0,17.0
18,Kenneth Walker III,RB,KC,18.32,8,22.0,18.5,22.0,18.0,15.0,15.1,17.0,19.0
19,Derrick Henry,RB,BAL,20.48,8,20.0,18.7,23.0,21.0,19.0,17.1,23.0,22.0
20,Trey McBride,TE,ARI,21.27,8,17.0,24.2,18.0,19.0,27.0,29.0,18.0,18.0
21,Brock Bowers,TE,LV,21.79,8,24.0,20.5,19.0,20.0,29.0,19.8,22.0,20.0
22,AJ. Brown,WR,NE,22.06,8,27.0,25.7,20.0,23.0,20.0,18.8,21.0,21.0
23,Nico Collins,WR,HOU,23.16,8,25.0,21.5,21.0,24.0,22.0,22.8,26.0,23.0
24,Jeremiyah Love,RB,ARI,24.12,8,13.0,27.0,24.0,26.0,24.0,27.0,27.0,25.0
25,George Pickens,WR,DAL,26.1,8,29.0,22.4,29.0,25.0,28.0,23.4,24.0,28.0
26,Josh Allen,QB,BUF,26.65,8,36.0,19.4,26.0,22.0,30.0,35.8,20.0,24.0
27,Rashee Rice,WR,KC,27.11,8,16.0,32.5,25.0,29.0,33.0,25.4,30.0,26.0
28,Josh Jacobs,RB,GB,28.59,8,23.0,30.8,27.0,28.0,23.0,40.9,29.0,27.0
29,Chris Olave,WR,NO,28.68,8,28.0,32.5,30.0,27.0,26.0,30.9,25.0,30.0
30,Kyren Williams,RB,LAR,29.81,8,37.0,29.9,28.0,30.0,21.0,32.6,31.0,29.0
31,Javonte Williams,RB,DAL,32.12,8,31.0,34.9,32.0,31.0,32.0,36.1,28.0,32.0
32,Breece Hall,RB,NYJ,32.26,8,30.0,37.4,31.0,32.0,34.0,29.7,33.0,31.0
33,DeVonta Smith,WR,PHI,32.49,8,35.0,29.4,38.0,33.0,25.0,27.5,36.0,36.0
34,Malik Nabers,WR,NYG,33.59,8,32.0,35.8,36.0,34.0,41.0,24.9,32.0,33.0
35,Tetairoa McMillan,WR,CAR,37.34,8,33.0,40.3,33.0,38.0,37.0,39.4,44.0,34.0
36,Zay Flowers,WR,BAL,37.65,8,34.0,39.2,46.0,40.0,31.0,30.0,37.0,44.0
37,Garrett Wilson,WR,NYJ,38.8,8,26.0,48.3,35.0,42.0,35.0,40.1,45.0,39.0
38,Tee Higgins,WR,CIN,38.89,8,46.0,33.7,34.0,36.0,44.0,34.4,48.0,35.0
39,Cameron Skattebo,RB,NYG,38.99,8,39.0,41.2,39.0,35.0,42.0,43.7,34.0,38.0
40,Emeka Egbuka,WR,TB,40.33,8,42.0,45.3,45.0,41.0,40.0,31.3,35.0,43.0
41,Travis Etienne Jr.,RB,NO,41.74,8,38.0,42.6,40.0,39.0,53.0,42.3,39.0,40.0
42,Ladd McConkey,WR,LAC,42.33,8,44.0,46.0,42.0,45.0,36.0,34.6,49.0,42.0
43,Colston Loveland,TE,CHI,44.84,8,49.0,39.2,44.0,43.0,47.0,45.5,46.0,45.0
44,Bucky Irving,RB,TB,44.94,8,41.0,52.2,41.0,44.0,43.0,55.3,42.0,41.0
45,Lamar Jackson,QB,BAL,45.01,8,56.0,35.6,37.0,37.0,59.0,55.5,43.0,37.0
46,Quinshon Judkins,RB,CLE,45.95,8,40.0,53.5,50.0,46.0,38.0,53.1,40.0,47.0
47,Luther Burden III,WR,CHI,46.86,8,53.0,57.9,47.0,47.0,39.0,42.0,41.0,48.0
48,Jaylen Waddle,WR,DEN,47.56,8,47.0,44.9,49.0,48.0,50.0,38.6,54.0,49.0
49,Terry McLaurin,WR,WAS,50.17,8,45.0,54.3,48.0,55.0,46.0,46.1,57.0,50.0
50,David Montgomery,RB,HOU,51.64,8,62.0,53.8,53.0,50.0,48.0,48.3,47.0,51.0
51,DJ. Moore,WR,BUF,53.05,8,54.0,65.7,54.0,51.0,52.0,55.7,38.0,54.0
52,TreVeyon Henderson,RB,NE,53.83,8,59.0,58.8,43.0,49.0,69.0,54.8,51.0,46.0
53,D'Andre Swift,RB,CHI,53.88,8,61.0,49.7,60.0,56.0,45.0,49.3,52.0,58.0
54,Davante Adams,WR,LAR,54.11,8,43.0,49.6,57.0,58.0,55.0,51.3,62.0,57.0
55,Drake Maye,QB,NE,54.45,8,57.0,46.7,55.0,52.0,49.0,66.9,56.0,53.0
56,Jameson Williams,WR,DET,54.98,8,48.0,64.0,52.0,59.0,51.0,51.8,59.0,55.0
57,Tyler Warren,TE,IND,55.89,8,50.0,48.3,51.0,53.0,71.0,63.8,58.0,52.0
58,Bhayshul Tuten,RB,JAX,58.41,8,60.0,63.6,56.0,57.0,72.0,49.7,50.0,59.0
59,Joe Burrow,QB,CIN,59.5,8,74.0,46.2,59.0,54.0,63.0,68.8,55.0,56.0
60,Jayden Daniels,QB,WAS,60.83,8,55.0,53.3,65.0,60.0,61.0,67.3,61.0,64.0
61,Rome Odunze,WR,CHI,61.49,8,52.0,68.9,62.0,64.0,60.0,60.0,63.0,62.0
62,Mike Evans,WR,SF,61.9,8,76.0,65.6,58.0,62.0,65.0,48.6,60.0,60.0
63,Jalen Hurts,QB,PHI,63.48,8,58.0,56.3,70.0,63.0,58.0,71.5,65.0,66.0
64,Jadarian Price,RB,SEA,64.21,8,63.0,65.6,63.0,61.0,86.0,61.1,53.0,61.0
65,Christian Watson,WR,GB,65.09,8,78.0,69.5,64.0,65.0,54.0,57.2,68.0,65.0
66,Carnell Tate,WR,TEN,65.38,8,51.0,78.1,61.0,69.0,62.0,59.9,79.0,63.0
67,Brian Thomas Jr.,WR,JAX,71.09,8,81.0,85.2,66.0,70.0,66.0,63.5,70.0,67.0
68,Jaylen Warren,RB,PIT,73.12,8,95.0,76.2,67.0,67.0,74.0,70.8,67.0,68.0
69,Harold Fannin Jr.,TE,CLE,73.67,8,72.0,71.6,68.0,66.0,75.0,102.8,64.0,70.0
70,Tucker Kraft,TE,GB,74.78,8,102.0,61.2,69.0,68.0,70.0,79.0,80.0,69.0
71,Tony Pollard,RB,TEN,74.92,8,64.0,86.9,83.0,80.0,57.0,76.5,72.0,80.0
72,Marvin Harrison Jr.,WR,ARI,76.33,8,68.0,79.8,76.0,76.0,85.0,68.8,81.0,76.0
73,Rhamondre Stevenson,RB,NE,76.69,8,96.0,83.3,74.0,72.0,67.0,74.2,73.0,74.0
74,Parker Washington,WR,JAX,76.7,8,77.0,91.2,81.0,82.0,56.0,61.4,84.0,81.0
75,Kyle Pitts Sr.,TE,ATL,77.56,8,71.0,73.9,75.0,71.0,79.0,103.6,76.0,71.0
76,Sam LaPorta,TE,DET,77.66,8,73.0,64.6,79.0,74.0,73.0,91.7,91.0,75.0
77,DK. Metcalf,WR,PIT,78.9,8,69.0,85.9,78.0,84.0,68.0,76.3,92.0,78.0
78,Jordyn Tyson,WR,NO,79.92,8,70.0,91.8,72.0,86.0,80.0,64.6,98.0,77.0
79,Caleb Williams,QB,CHI,80.5,8,87.0,71.0,88.0,75.0,92.0,73.0,75.0,83.0
80,Rico Dowdle,RB,PIT,81.47,8,97.0,85.1,86.0,78.0,64.0,87.7,69.0,85.0
81,Justin Herbert,QB,LAC,81.91,8,93.0,66.6,87.0,79.0,76.0,82.7,87.0,84.0
82,Alec Pierce,WR,IND,83.11,8,67.0,82.7,82.0,87.0,81.0,82.2,97.0,86.0
83,Chuba Hubbard,RB,CAR,83.15,8,99.0,72.3,73.0,77.0,95.0,85.9,90.0,73.0
84,Trevor Lawrence,QB,JAX,84.7,8,82.0,85.7,94.0,83.0,77.0,85.9,77.0,93.0
85,RJ Harvey,RB,DEN,85.6,8,108.0,97.8,71.0,73.0,109.0,88.0,66.0,72.0
86,Dak Prescott,QB,DAL,85.71,8,83.0,76.5,97.0,81.0,99.0,80.2,78.0,91.0
87,Courtland Sutton,WR,DEN,86.15,8,65.0,97.6,85.0,90.0,96.0,84.6,83.0,88.0
88,Michael Wilson,WR,ARI,86.29,8,80.0,104.7,84.0,88.0,82.0,93.6,71.0,87.0
89,Makai Lemon,WR,PHI,89.44,8,90.0,100.9,77.0,94.0,90.0,74.6,110.0,79.0
90,Jaxson Dart,QB,NYG,91.28,8,75.0,80.1,89.0,89.0,113.0,101.1,94.0,89.0
91,Kyle Monangai,RB,CHI,93.74,8,115.0,96.0,80.0,85.0,112.0,97.9,82.0,82.0
92,JK. Dobbins,RB,DEN,94.04,8,107.0,100.3,90.0,92.0,91.0,96.0,86.0,90.0
93,Jonathon Brooks,RB,CAR,95.55,8,106.0,109.7,92.0,95.0,89.0,88.7,89.0,95.0
94,Blake Corum,RB,LAR,97.44,8,121.0,98.0,91.0,93.0,98.0,91.5,95.0,92.0
95,Chris Godwin Jr.,WR,TB,97.96,8,127.0,98.0,93.0,91.0,105.0,90.7,85.0,94.0
96,Brock Purdy,QB,SF,98.17,8,85.0,97.9,106.0,99.0,84.0,100.5,109.0,104.0
97,Michael Pittman Jr.,WR,PIT,98.19,8,66.0,120.0,98.0,104.0,100.0,98.5,101.0,98.0
98,George Kittle,TE,SF,98.76,8,101.0,89.9,100.0,96.0,78.0,115.2,113.0,97.0
99,Patrick Mahomes II,QB,KC,101.03,8,94.0,96.5,101.0,98.0,114.0,95.7,108.0,101.0
100,Quentin Johnston,WR,LAC,102.36,8,124.0,110.3,104.0,106.0,87.0,74.6,111.0,102.0
101,Travis Kelce,TE,KC,103.1,8,104.0,95.1,111.0,97.0,93.0,121.7,100.0,103.0
102,Bo Nix,QB,DEN,103.83,8,84.0,101.3,113.0,102.0,111.0,107.3,102.0,110.0
103,Wan'Dale Robinson,WR,TEN,103.94,8,89.0,130.4,102.0,116.0,102.0,112.1,74.0,106.0
104,Matthew Stafford,QB,LAR,105.41,8,86.0,100.1,116.0,103.0,115.0,106.2,105.0,112.0
105,Jakobi Meyers,WR,JAX,105.46,8,88.0,126.4,95.0,111.0,108.0,110.3,106.0,99.0
106,Kenneth Gainwell,RB,TB,105.67,8,98.0,114.6,109.0,105.0,104.0,106.8,99.0,109.0
107,Josh Downs,WR,IND,105.91,8,91.0,119.6,124.0,118.0,83.0,84.7,107.0,120.0
108,Dalton Kincaid,TE,BUF,106.12,8,118.0,100.1,96.0,100.0,94.0,125.9,119.0,96.0
109,Jordan Addison,WR,MIN,107.33,8,92.0,119.0,99.0,107.0,140.0,89.6,112.0,100.0
110,Isaiah Likely,TE,NYG,110.34,8,117.0,108.5,121.0,101.0,103.0,128.2,88.0,116.0
111,Jayden Reed,WR,GB,110.59,8,113.0,121.2,110.0,117.0,118.0,80.5,114.0,111.0
112,Rachaad White,RB,WAS,111.19,8,105.0,119.4,118.0,110.0,116.0,110.1,96.0,115.0
113,Aaron Jones Sr.,RB,MIN,111.94,8,100.0,120.0,107.0,113.0,106.0,124.5,117.0,108.0
114,Jacory Croskey-Merritt,RB,WAS,112.39,8,120.0,118.1,108.0,108.0,123.0,113.0,104.0,105.0
115,Mark Andrews,TE,BAL,114.06,8,110.0,114.3,114.0,114.0,101.0,127.2,118.0,114.0
116,Jake Ferguson,TE,DAL,114.08,8,109.0,113.3,105.0,109.0,122.0,132.3,115.0,107.0
117,Jordan Mason,RB,MIN,114.47,8,137.0,120.6,127.0,112.0,97.0,110.2,93.0,119.0
118,Xavier Worthy,WR,KC,114.76,8,114.0,127.8,120.0,123.0,88.0,102.3,121.0,122.0
119,Jared Goff,QB,DET,118.95,8,135.0,115.5,129.0,115.0,120.0,110.1,103.0,124.0
120,Dallas Goedert,TE,PHI,120.21,8,103.0,105.9,117.0,119.0,129.0,134.8,136.0,117.0
121,Matthew Golden,WR,GB,124.94,8,79.0,130.8,137.0,141.0,141.0,106.7,133.0,131.0
122,KC Concepcion,WR,CLE,125.6,8,125.0,132.0,115.0,137.0,124.0,118.8,132.0,121.0
123,Romeo Doubs,WR,NE,126.88,8,128.0,132.1,112.0,132.0,149.0,117.9,126.0,118.0
124,Zach Charbonnet,RB,SEA,128.9,8,123.0,128.0,125.0,124.0,121.0,161.2,124.0,125.0
125,Kyler Murray,QB,MIN,129.57,8,133.0,110.0,168.0,126.0,110.0,113.6,129.0,147.0
126,Hunter Henry,TE,NE,132.78,8,119.0,128.6,119.0,134.0,131.0,152.6,152.0,126.0
127,Jayden Higgins,WR,HOU,133.53,8,129.0,133.5,131.0,154.0,119.0,121.7,147.0,133.0
128,Baker Mayfield,QB,TB,133.7,8,149.0,127.6,149.0,130.0,133.0,120.0,120.0,141.0
129,Woody Marks,RB,HOU,133.97,8,122.0,132.2,144.0,142.0,134.0,141.6,116.0,140.0
130,Tyrone Tracy Jr.,RB,NYG,134.18,8,155.0,130.5,135.0,136.0,130.0,135.9,122.0,129.0
131,Khalil Shakir,WR,BUF,135.09,8,112.0,132.9,133.0,152.0,144.0,127.8,144.0,135.0
132,Tyler Allgeier,RB,ARI,135.89,8,157.0,129.8,123.0,135.0,127.0,154.3,134.0,127.0
133,Tyler Shough,QB,NO,136.51,8,134.0,129.6,146.0,139.0,145.0,124.5,130.0,144.0
134,Chris Rodriguez Jr.,RB,JAX,137.16,8,140.0,132.8,148.0,156.0,107.0,129.5,138.0,146.0
135,Rashid Shaheed,WR,SEA,137.31,8,132.0,129.4,163.0,143.0,128.0,131.1,123.0,149.0
136,Stefon Diggs,WR,WAS,137.56,8,202.0,117.0,118.0,115.0,187.0,109.5,114.0,138.0
137,Jordan Love,QB,GB,138.44,8,198.0,124.9,139.0,127.0,135.0,114.6,137.0,132.0
138,Malik Willis,QB,MIA,139.38,8,150.0,124.1,147.0,131.0,139.0,135.9,145.0,143.0
139,Jalen Coker,WR,CAR,142.56,8,130.0,133.6,143.0,161.0,160.0,127.9,143.0,142.0
140,Kenyon Sadiq,TE,NYJ,143.7,8,116.0,129.5,136.0,151.0,148.0,167.1,165.0,137.0
141,Brian Robinson Jr.,RB,ATL,143.87,7,141.0,124.7,142.0,133.0,,177.4,150.0,139.0
142,Brenton Strange,TE,JAX,143.93,8,194.0,128.1,130.0,138.0,126.0,149.3,156.0,130.0
143,Juwan Johnson,TE,NO,146.66,8,160.0,131.4,150.0,148.0,150.0,155.9,127.0,151.0
144,Deebo Samuel Sr.,WR,SF,146.82,8,126.0,128.0,181.0,159.0,136.0,131.6,148.0,165.0
145,Tyjae Spears,RB,TEN,147.59,8,166.0,133.1,154.0,155.0,142.0,154.6,128.0,148.0
146,Alvin Kamara,RB,NO,149.12,8,138.0,127.2,176.0,144.0,159.0,163.8,125.0,160.0
147,Chigoziem Okonkwo,TE,WAS,151.4,8,216.0,126.9,166.0,145.0,117.0,141.3,141.0,158.0
148,Oronde Gadsden II,TE,LAC,152.21,8,258.0,125.7,103.0,129.0,158.0,156.0,175.0,113.0
149,Isiah Pacheco,RB,DET,154.18,8,139.0,126.8,204.0,157.0,138.0,152.6,135.0,181.0
150,Denzel Boston,WR,CLE,154.3,8,145.0,130.8,151.0,171.0,153.0,148.6,182.0,153.0
151,Keaton Mitchell,RB,LAC,154.62,8,168.0,132.7,188.0,176.0,125.0,133.3,139.0,175.0
152,Jonah Coleman,RB,DEN,155.88,8,212.0,131.3,132.0,149.0,181.0,159.7,146.0,136.0
153,Jauan Jennings,WR,MIN,156.46,8,164.0,128.8,157.0,162.0,151.0,156.9,173.0,159.0
154,De'Zhaun Stribling,WR,SF,157.07,7,148.0,132.0,162.0,193.0,,139.5,158.0,167.0
155,TJ. Hockenson,TE,MIN,157.18,8,111.0,130.2,182.0,174.0,152.0,170.2,160.0,178.0
156,Dylan Sampson,RB,CLE,157.2,8,158.0,131.6,164.0,172.0,132.0,172.0,162.0,166.0
157,Omar Cooper Jr.,WR,NYJ,159.53,8,162.0,131.2,155.0,173.0,177.0,146.0,176.0,156.0
158,Sam Darnold,QB,SEA,159.71,8,218.0,123.7,178.0,147.0,155.0,143.0,149.0,164.0
159,Travis Hunter,WR,JAX,160.06,8,146.0,127.4,152.0,168.0,182.0,142.1,209.0,154.0
160,Tank Bigsby,RB,PHI,161.7,8,142.0,132.1,197.0,181.0,143.0,157.5,157.0,184.0
161,Jalen McMillan,WR,TB,162.3,8,143.0,130.8,184.0,180.0,161.0,149.6,174.0,176.0
162,Brandon Aubrey,K,DAL,163.0,7,181.0,84.8,156.0,122.0,193.0,,140.0,145.0
163,CJ. Stroud,QB,HOU,163.96,8,200.0,126.5,189.0,158.0,162.0,145.2,154.0,177.0
164,Daniel Jones,QB,IND,164.64,8,136.0,129.2,193.0,178.0,180.0,146.9,169.0,185.0
165,Dalton Schultz,TE,HOU,167.69,8,207.0,129.6,160.0,170.0,154.0,167.9,190.0,163.0
166,Cameron Dicker,K,LAC,169.0,7,182.0,124.0,158.0,150.0,200.0,,172.0,152.0
167,Denver Broncos,DST,DEN,169.25,6,169.0,100.9,141.0,128.0,197.0,,170.0,
168,Houston Texans,DST,HOU,172.33,6,170.0,91.8,126.0,120.0,196.0,,151.0,
169,Mike Washington Jr.,RB,LV,172.72,8,156.0,130.4,185.0,182.0,168.0,196.4,184.0,180.0
170,Cameron Ward,QB,TEN,172.8,8,199.0,127.3,190.0,166.0,219.0,143.1,159.0,179.0
171,AJ Barner,TE,SEA,173.11,8,217.0,126.7,138.0,175.0,169.0,174.2,235.0,150.0
172,Philadelphia Eagles,DST,PHI,173.5,7,175.0,123.5,134.0,140.0,198.0,,181.0,134.0
173,Jason Myers,K,SEA,174.67,7,183.0,126.2,159.0,160.0,202.0,,187.0,157.0
174,Jalen Nailor,WR,LV,175.49,8,161.0,129.4,250.0,185.0,163.0,148.5,153.0,214.0
175,Los Angeles Rams,DST,LAR,176.0,7,173.0,91.8,122.0,121.0,194.0,,161.0,123.0
176,New England Patriots,DST,NE,176.5,7,177.0,126.9,153.0,163.0,213.0,,198.0,155.0
177,Ka'imi Fairbairn,K,HOU,176.67,7,185.0,120.1,173.0,153.0,209.0,,178.0,162.0
178,Seattle Seahawks,DST,SEA,179.33,7,172.0,106.2,128.0,125.0,195.0,,171.0,128.0
179,Jerry Jeudy,WR,CLE,180.21,7,131.0,197.0,191.0,202.0,,179.5,164.0,197.0
180,Cam Little,K,JAX,181.0,7,188.0,128.4,174.0,169.0,206.0,,180.0,169.0
181,Terrance Ferguson,TE,LAR,181.07,8,159.0,126.6,167.0,183.0,217.0,180.0,242.0,174.0
182,Pat Freiermuth,TE,PIT,183.37,6,206.0,125.3,,198.0,170.0,193.9,207.0,
183,Bryce Young,QB,CAR,184.74,8,219.0,124.1,199.0,164.0,253.0,160.8,167.0,191.0
184,James Conner,RB,ARI,185.59,8,195.0,126.9,165.0,177.0,221.0,214.8,215.0,170.0
185,Baltimore Ravens,DST,BAL,187.5,7,174.0,136.6,145.0,191.0,199.0,,255.0,161.0
186,Tyreek Hill,WR,MIA,188.0,6,,132.6,175.0,190.0,,215.4,233.0,182.0
187,Fernando Mendoza,QB,LV,188.2,8,220.0,122.1,195.0,167.0,243.0,186.5,186.0,186.0
188,Adonai Mitchell,WR,NYJ,188.56,7,147.0,153.0,200.0,226.0,,171.9,217.0,205.0
189,Harrison Mevis,K,LAR,189.0,7,184.0,133.3,161.0,188.0,204.0,,229.0,168.0
190,Greg Dulcich,TE,MIA,189.78,6,259.0,133.6,,220.0,146.0,180.1,200.0,
191,Isaac TeSlaa,WR,DET,189.94,8,210.0,125.5,220.0,187.0,176.0,170.0,225.0,206.0
192,Braelon Allen,RB,NYJ,190.93,7,167.0,198.0,180.0,207.0,,213.5,188.0,183.0
193,Emmett Johnson,RB,KC,192.14,8,248.0,130.1,169.0,179.0,248.0,201.0,191.0,171.0
194,Antonio Williams,WR,WAS,193.2,7,152.0,215.0,186.0,215.0,,185.4,211.0,188.0
195,Minnesota Vikings,DST,MIN,193.2,6,,131.0,171.0,184.0,233.0,,206.0,172.0
196,Tre Tucker,WR,LV,193.47,7,153.0,178.0,225.0,229.0,,157.3,196.0,216.0
197,Andres Borregales,K,NE,193.67,6,,145.0,170.0,195.0,241.0,,238.0,173.0
198,Eddy Pineiro,K,SF,193.67,7,186.0,143.7,187.0,200.0,208.0,,241.0,190.0
199,Tyler Loop,K,BAL,194.49,7,190.0,141.4,203.0,199.0,203.0,,226.0,199.0
200,Nicholas Singleton,RB,TEN,197.82,8,221.0,132.3,196.0,186.0,260.0,208.3,192.0,187.0
201,Pittsburgh Steelers,DST,PIT,200.83,7,171.0,134.4,206.0,197.0,201.0,,228.0,202.0
202,Gunnar Helm,TE,TEN,200.89,7,215.0,220.0,183.0,212.0,,183.2,197.0,196.0
203,Ray Davis,RB,BUF,201.89,7,154.0,168.0,219.0,234.0,,189.2,227.0,222.0
204,Calvin Ridley,WR,TEN,202.17,7,144.0,221.0,249.0,222.0,,189.2,155.0,235.0
205,David Njoku,TE,LAC,204.09,8,291.0,125.6,198.0,165.0,285.0,212.1,163.0,193.0
206,Tre' Harris,WR,LAC,204.76,7,203.0,191.0,213.0,232.0,,164.3,218.0,212.0
207,Jake Bates,K,DET,205.0,7,189.0,138.6,201.0,194.0,235.0,,213.0,198.0
208,Kayshon Boutte,WR,NE,205.66,7,230.0,237.0,202.0,206.0,,194.6,166.0,204.0
209,Aaron Rodgers,QB,PIT,207.74,7,268.0,117.5,,189.0,264.0,176.7,177.0,262.0
210,MarShawn Lloyd,RB,GB,207.96,5,242.0,172.0,,255.0,,181.8,189.0,
211,Los Angeles Chargers,DST,LAC,209.5,7,180.0,138.5,218.0,205.0,212.0,,232.0,210.0
212,Jacksonville Jaguars,DST,JAX,209.67,7,254.0,136.9,194.0,192.0,216.0,,208.0,194.0
213,Kaytron Allen,RB,WAS,210.73,7,214.0,187.0,208.0,230.0,,208.1,219.0,209.0
214,Malik Washington,WR,MIA,211.5,5,224.0,219.0,,251.0,,178.5,185.0,
215,Cairo Santos,K,CHI,212.07,7,191.0,144.5,215.0,225.0,210.0,,273.0,226.0
216,Nathaniel Dell,WR,HOU,212.87,7,165.0,274.0,228.0,228.0,,183.1,193.0,219.0
217,Detroit Lions,DST,DET,213.0,7,178.0,137.7,179.0,211.0,234.0,,284.0,192.0
218,Zachariah Branch,WR,ATL,214.37,7,197.0,226.0,224.0,235.0,,177.6,224.0,217.0
219,Justice Hill,RB,BAL,214.94,5,196.0,239.0,,247.0,,213.7,179.0,
220,Zavion Thomas,WR,CHI,215.6,1,,,,,,215.6,,
221,Roman Wilson,WR,PIT,215.8,1,,,,,,215.8,,
222,Tez Johnson,WR,TB,215.8,1,,,,,,215.8,,
223,Tutu Atwell,WR,MIA,215.8,1,,,,,,215.8,,
224,Barion Brown,WR,NO,215.9,1,,,,,,215.9,,
225,Bryce Lance,WR,NO,215.9,1,,,,,,215.9,,
226,Elijah Arroyo,TE,SEA,215.9,1,,,,,,215.9,,
227,Ja'Tavion Sanders,TE,CAR,215.9,1,,,,,,215.9,,
228,John Metchie III,WR,CAR,215.9,1,,,,,,215.9,,
229,Joshua Palmer,WR,BUF,215.9,1,,,,,,215.9,,
230,Justin Joly,TE,DEN,215.9,1,,,,,,215.9,,
231,Malik Benson,WR,LV,215.9,1,,,,,,215.9,,
232,Noah Gray,TE,KC,215.9,1,,,,,,215.9,,
233,Odell Beckham Jr.,WR,NYG,215.9,1,,,,,,215.9,,
234,A.T. Perry,WR,,216.0,1,,,,,,216.0,,
235,AJ Dillon,RB,CAR,216.0,1,,,,,,216.0,,
236,Anthony Richardson,QB,IND,216.0,1,,,,,,216.0,,
237,Anthony Smith,WR,DAL,216.0,1,,,,,,216.0,,
238,Austin Hooper,TE,ATL,216.0,1,,,,,,216.0,,
239,Bam Knight,RB,ARI,216.0,1,,,,,,216.0,,
240,Ben Sims,TE,MIA,216.0,1,,,,,,216.0,,
241,Ben Sinnott,TE,WAS,216.0,1,,,,,,216.0,,
242,Brandon Smith,WR,PIT,216.0,1,,,,,,216.0,,
243,CJ Daniels,WR,LAR,216.0,1,,,,,,216.0,,
244,Cade Klubnik,QB,NYJ,216.0,1,,,,,,216.0,,
245,Cedric Tillman,WR,CLE,216.0,1,,,,,,216.0,,
246,Chase Claypool,WR,,216.0,1,,,,,,216.0,,
247,Chase Curtis,TE,NYJ,216.0,1,,,,,,216.0,,
248,Colbie Young,WR,CIN,216.0,1,,,,,,216.0,,
249,Dameon Pierce,RB,PHI,216.0,1,,,,,,216.0,,
250,Damien Martinez,RB,GB,216.0,1,,,,,,216.0,,
251,Daniel Bellinger,TE,TEN,216.0,1,,,,,,216.0,,
252,Darius Cooper,WR,PHI,216.0,1,,,,,,216.0,,
253,Davis Mills,QB,HOU,216.0,1,,,,,,216.0,,
254,DeAndre Hopkins,WR,BAL,216.0,1,,,,,,216.0,,
255,Deion Burks,WR,IND,216.0,1,,,,,,216.0,,
256,Demarcus Robinson,WR,SF,216.0,1,,,,,,216.0,,
257,Dont'e Thornton,WR,LV,216.0,1,,,,,,216.0,,
258,Drew Allar,QB,PIT,216.0,1,,,,,,216.0,,
259,Drew Lock,QB,SEA,216.0,1,,,,,,216.0,,
260,Eli Heidenreich,RB,PIT,216.0,1,,,,,,216.0,,
261,Elijah Higgins,TE,ARI,216.0,1,,,,,,216.0,,
262,Elijah Moore,WR,PHI,216.0,1,,,,,,216.0,,
263,Gardner Minshew II,QB,ARI,216.0,1,,,,,,216.0,,
264,Greg Dortch,WR,DET,216.0,1,,,,,,216.0,,
265,Gunner Olszewski,WR,NYG,216.0,1,,,,,,216.0,,
266,Haynes King,QB,CAR,216.0,1,,,,,,216.0,,
267,Isaac Guerendo,RB,SF,216.0,1,,,,,,216.0,,
268,Jack Strand,QB,ATL,216.0,1,,,,,,216.0,,
269,Jackson Hawes,TE,BUF,216.0,1,,,,,,216.0,,
270,Jacob Cowing,WR,SF,216.0,1,,,,,,216.0,,
271,Jahdae Walker,WR,CHI,216.0,1,,,,,,216.0,,
272,Jake Funk,RB,,216.0,1,,,,,,216.0,,
273,Jalen Milroe,QB,SEA,216.0,1,,,,,,216.0,,
274,Jalen Royals,WR,KC,216.0,1,,,,,,216.0,,
275,Jameis Winston,QB,NYG,216.0,1,,,,,,216.0,,
276,Jamison Crowder,WR,,216.0,1,,,,,,216.0,,
277,Jared Wiley,TE,KC,216.0,1,,,,,,216.0,,
278,Jelani Woods,TE,NYJ,216.0,1,,,,,,216.0,,
279,Jeremy McNichols,RB,WAS,216.0,1,,,,,,216.0,,
280,Jimmy Horn,WR,CAR,216.0,1,,,,,,216.0,,
281,Joe Flacco,QB,CIN,216.0,1,,,,,,216.0,,
282,Joe Milton,QB,DAL,216.0,1,,,,,,216.0,,
283,Joe Royer,TE,CLE,216.0,1,,,,,,216.0,,
284,Jordan Watkins,WR,SF,216.0,1,,,,,,216.0,,
285,Jordan Whittington,WR,LAR,216.0,1,,,,,,216.0,,
286,Josh Cameron,WR,JAX,216.0,1,,,,,,216.0,,
287,Josh Cuevas,TE,BAL,216.0,1,,,,,,216.0,,
288,Josh Oliver,TE,MIN,216.0,1,,,,,,216.0,,
289,Josh Pederson,TE,,216.0,1,,,,,,216.0,,
290,JuJu Smith-Schuster,WR,NYG,216.0,1,,,,,,216.0,,
291,KeAndre Lambert-Smith,WR,LAC,216.0,1,,,,,,216.0,,
292,Khalil Herbert,RB,SF,216.0,1,,,,,,216.0,,
293,Kyle Juszczyk,RB,SF,216.0,1,,,,,,216.0,,
294,Lewis Bond,WR,HOU,216.0,1,,,,,,216.0,,
295,Luke Musgrave,TE,GB,216.0,1,,,,,,216.0,,
296,Luke Schoonmaker,TE,DAL,216.0,1,,,,,,216.0,,
297,Mac Jones,QB,SF,216.0,1,,,,,,216.0,,
298,Marcus Mariota,QB,WAS,216.0,1,,,,,,216.0,,
299,Marlin Klein,TE,HOU,216.0,1,,,,,,216.0,,
300,Matt Hibner,TE,BAL,216.0,1,,,,,,216.0,,
301,Mitch Tinsley,WR,CIN,216.0,1,,,,,,216.0,,
302,Nate Boerkircher,TE,JAX,216.0,1,,,,,,216.0,,
303,Nick Mullens,QB,JAX,216.0,1,,,,,,216.0,,
304,Nick Westbrook-Ikhine,WR,IND,216.0,1,,,,,,216.0,,
305,Olamide Zaccheaus,WR,ATL,216.0,1,,,,,,216.0,,
306,Quinn Ewers,QB,MIA,216.0,1,,,,,,216.0,,
307,Reggie Virgil,WR,ARI,216.0,1,,,,,,216.0,,
308,Riley Leonard,QB,IND,216.0,1,,,,,,216.0,,
309,Robert Tonyan,TE,PIT,216.0,1,,,,,,216.0,,
310,Roschon Johnson,RB,CHI,216.0,1,,,,,,216.0,,
311,Sam Howell,QB,DAL,216.0,1,,,,,,216.0,,
312,Sam Roush,TE,CHI,216.0,1,,,,,,216.0,,
313,Seydou Traore,TE,MIA,216.0,1,,,,,,216.0,,
314,Spencer Rattler,QB,NO,216.0,1,,,,,,216.0,,
315,Tai Felton,WR,MIN,216.0,1,,,,,,216.0,,
316,Tanner Koziol,TE,JAX,216.0,1,,,,,,216.0,,
317,Tanner McKee,QB,PHI,216.0,1,,,,,,216.0,,
318,Taylen Green,QB,CLE,216.0,1,,,,,,216.0,,
319,Theo Wease,WR,MIA,216.0,1,,,,,,216.0,,
320,Tim Patrick,WR,NYJ,216.0,1,,,,,,216.0,,
321,Tommy Tremble,TE,CAR,216.0,1,,,,,,216.0,,
322,Ty Chandler,RB,NO,216.0,1,,,,,,216.0,,
323,Tyler Huntley,QB,BAL,216.0,1,,,,,,216.0,,
324,Tyren Montgomery,WR,TEN,216.0,1,,,,,,216.0,,
325,Tyrod Taylor,QB,GB,216.0,1,,,,,,216.0,,
326,Tyson Bagent,QB,CHI,216.0,1,,,,,,216.0,,
327,Will Howard,QB,PIT,216.0,1,,,,,,216.0,,
328,Will Kacmarek,TE,MIA,216.0,1,,,,,,216.0,,
329,Xavier Hutchinson,WR,HOU,216.0,1,,,,,,216.0,,
330,Chase McLaughlin,K,TB,216.04,7,238.0,142.3,223.0,217.0,205.0,,257.0,230.0
331,Jaydon Blue,RB,DAL,216.5,7,243.0,169.0,254.0,237.0,,175.5,201.0,236.0
332,Sean Tucker,RB,TB,216.86,7,250.0,222.0,216.0,224.0,,194.0,194.0,218.0
333,Jacoby Brissett,QB,ARI,217.87,7,269.0,216.0,235.0,219.0,,194.1,168.0,224.0
334,Cade Otton,TE,TB,217.91,7,260.0,272.0,177.0,216.0,,189.4,222.0,189.0
335,Kimani Vidal,RB,LAC,219.04,7,223.0,227.0,211.0,231.0,,212.3,216.0,213.0
336,Ryan Flournoy,WR,DAL,219.39,7,204.0,171.0,253.0,259.0,,162.7,248.0,238.0
337,Kaelon Black,RB,SF,220.84,5,213.0,218.0,,262.0,,206.2,205.0,
338,Chris Boswell,K,PIT,221.33,7,237.0,139.5,210.0,213.0,211.0,,256.0,201.0
339,Harrison Butker,K,KC,222.83,7,187.0,133.4,192.0,203.0,297.0,,263.0,195.0
340,Will Reichard,K,MIN,223.0,7,192.0,138.7,212.0,221.0,236.0,,274.0,203.0
341,Green Bay Packers,DST,GB,224.0,7,236.0,137.7,226.0,210.0,215.0,,236.0,221.0
342,Demond Claiborne,RB,MIN,225.21,7,222.0,206.0,233.0,239.0,,214.5,231.0,231.0
343,Geno Smith,QB,NYJ,225.34,5,267.0,241.0,,249.0,,186.7,183.0,
344,George Holani,RB,SEA,225.46,5,244.0,213.0,,258.0,,213.3,199.0,
345,Jordan James,RB,SF,225.94,5,193.0,233.0,,269.0,,213.7,221.0,
346,Evan McPherson,K,CIN,226.59,7,256.0,143.1,239.0,233.0,207.0,,276.0,232.0
347,Austin Ekeler,RB,,230.0,3,,,,264.0,,216.0,210.0,
348,Kirk Cousins,QB,LV,230.7,4,,244.0,,260.0,,214.8,204.0,
349,Kansas City Chiefs,DST,KC,231.67,7,179.0,136.0,209.0,218.0,292.0,,285.0,207.0
350,Germie Bernard,WR,PIT,232.04,7,151.0,253.0,245.0,267.0,,196.3,271.0,241.0
351,Eli Stowers,TE,PHI,232.23,6,,283.0,205.0,236.0,,212.4,246.0,211.0
352,Theo Johnson,TE,NYG,232.34,5,,331.0,172.0,243.0,,215.7,,200.0
353,Jaylin Noel,WR,HOU,232.37,6,205.0,212.0,237.0,278.0,,215.2,,247.0
354,Darnell Mooney,WR,NYG,232.51,7,201.0,232.0,244.0,257.0,,203.6,251.0,239.0
355,Ja'Kobi Lane,WR,BAL,233.44,7,232.0,277.0,217.0,241.0,,203.1,249.0,215.0
356,Brandon Aiyuk,WR,SF,237.65,8,231.0,132.4,221.0,208.0,417.0,215.8,253.0,223.0
357,Dontayvion Wicks,WR,PHI,238.58,6,252.0,192.0,,280.0,,182.5,239.0,286.0
358,Jaylen Wright,RB,MIA,238.67,7,225.0,294.0,227.0,242.0,,215.7,240.0,227.0
359,Chicago Bears,DST,CHI,240.0,7,286.0,129.1,236.0,209.0,214.0,,267.0,228.0
360,Dyami Brown,WR,WAS,240.0,2,264.0,,,,,216.0,,
361,Xavier Legette,WR,CAR,240.37,3,208.0,298.0,,,,215.1,,
362,Malachi Fields,WR,NYG,242.1,6,,260.0,275.0,248.0,,213.6,203.0,253.0
363,Michael Penix Jr.,QB,ATL,243.22,6,,257.0,274.0,246.0,,215.3,202.0,265.0
364,Colby Parkinson,TE,LAR,244.05,6,,280.0,222.0,254.0,,210.3,264.0,234.0
365,Shedeur Sanders,QB,CLE,244.17,6,,270.0,270.0,250.0,,212.0,212.0,251.0
366,Jalen Tolbert,WR,MIA,244.34,5,227.0,275.0,,274.0,,215.7,230.0,
367,Emanuel Wilson,RB,SEA,244.41,7,266.0,256.0,230.0,252.0,,215.9,254.0,237.0
368,Tahj Brooks,RB,CIN,244.97,3,279.0,240.0,,,,215.9,,
369,Rashod Bateman,WR,BAL,245.0,7,163.0,246.0,262.0,292.0,,202.0,290.0,260.0
370,Tyquan Thornton,WR,KC,245.53,3,273.0,252.0,,,,211.6,,
371,San Francisco 49ers,DST,SF,246.0,6,297.0,128.7,241.0,204.0,,,259.0,229.0
372,Tua Tagovailoa,QB,ATL,246.11,7,296.0,242.0,280.0,244.0,,207.8,195.0,258.0
373,Cleveland Browns,DST,CLE,246.5,7,176.0,136.2,287.0,240.0,238.0,,269.0,269.0
374,JJ. McCarthy,QB,MIN,248.98,5,,,268.0,261.0,,215.9,234.0,266.0
375,Darius Slayton,WR,NYG,249.2,3,271.0,261.0,,,,215.6,,
376,Ted Hurst III,WR,TB,249.76,7,233.0,268.0,248.0,272.0,,204.3,277.0,246.0
377,Dallas Cowboys,DST,DAL,250.6,6,,129.3,231.0,196.0,362.0,,244.0,220.0
378,Ty Johnson,RB,BUF,251.14,5,245.0,316.0,,265.0,,215.7,214.0,
379,Atlanta Falcons,DST,ATL,251.25,5,,136.3,266.0,245.0,237.0,,,257.0
380,Tyler Higbee,TE,LAR,251.5,2,,287.0,,,,216.0,,
381,Darnell Washington,TE,PIT,251.55,2,,288.0,,,,215.1,,
382,Wil Lutz,K,DEN,251.6,6,,133.1,232.0,223.0,298.0,,272.0,233.0
383,Buffalo Bills,DST,BUF,251.8,6,,131.9,259.0,214.0,294.0,,250.0,242.0
384,Troy Franklin,WR,DEN,252.95,6,,264.0,234.0,271.0,,213.7,291.0,244.0
385,Cooper Kupp,WR,SEA,253.07,7,228.0,282.0,267.0,273.0,,208.5,258.0,255.0
386,Pat Bryant,WR,DEN,253.36,7,261.0,248.0,238.0,279.0,,198.5,304.0,245.0
387,KaVontae Turpin,WR,DAL,255.0,2,294.0,,,,,216.0,,
388,New York Giants,DST,NYG,255.4,6,,130.6,214.0,201.0,393.0,,261.0,208.0
389,Deshaun Watson,QB,CLE,255.48,5,270.0,299.0,,270.0,,215.4,223.0,
390,Jaylin Lane,WR,WAS,255.5,2,295.0,,,,,216.0,,
391,Will Levis,QB,TEN,255.5,2,,,,,,216.0,,295.0
392,Ollie Gordon II,RB,MIA,255.72,5,226.0,204.0,,332.0,,215.6,301.0,
393,Jack Bech,WR,LV,256.21,7,209.0,228.0,269.0,302.0,,215.5,298.0,272.0
394,Tory Horton,WR,SEA,256.44,7,262.0,258.0,255.0,276.0,,213.1,279.0,252.0
395,Phil Mafah,RB,DAL,256.5,2,,297.0,,,,216.0,,
396,Carson Beck,QB,ARI,257.43,4,,327.0,,268.0,,214.7,220.0,
397,Trey Benson,RB,ARI,257.67,6,,329.0,207.0,263.0,,216.0,306.0,225.0
398,Caleb Douglas,WR,MIA,257.8,5,229.0,279.0,,301.0,,214.0,266.0,
399,Elijah Sarratt,WR,BAL,258.1,6,263.0,267.0,258.0,294.0,,212.6,,254.0
400,Chris Bell,WR,MIA,258.29,7,211.0,266.0,260.0,296.0,,215.0,299.0,261.0
401,Keenan Allen,WR,LAC,258.63,6,,271.0,264.0,275.0,,206.8,268.0,267.0
402,Kaleb Johnson,RB,PIT,259.83,6,,321.0,229.0,266.0,,216.0,287.0,240.0
403,Jake Tonges,TE,SF,260.37,7,293.0,322.0,247.0,256.0,,214.6,247.0,243.0
404,Konata Mumpfield,WR,LAR,261.0,2,,306.0,,,,216.0,,
405,Isaiah Davis,RB,NYJ,261.36,5,247.0,209.0,,333.0,,215.8,302.0,
406,DJ Giddens,RB,IND,262.08,5,251.0,234.0,,322.0,,215.4,288.0,
407,Cyrus Allen,WR,KC,262.12,4,,278.0,,303.0,,197.5,270.0,
408,Eli Raridon,TE,NE,262.65,2,,310.0,,,,215.3,,
409,Charlie Kolar,TE,LAC,263.25,2,,312.0,,,,214.5,,
410,LeQuint Allen Jr.,RB,JAX,263.96,5,241.0,332.0,,286.0,,215.8,245.0,
411,Indianapolis Colts,DST,IND,264.4,5,255.0,262.0,252.0,289.0,,,,264.0
412,Malik Davis,RB,DAL,264.97,3,265.0,314.0,,,,215.9,,
413,Marvin Mims Jr.,WR,DEN,265.48,6,284.0,319.0,242.0,283.0,,215.9,,249.0
414,Kendre Miller,RB,NO,265.5,6,282.0,326.0,240.0,281.0,,216.0,,248.0
415,Samaje Perine,RB,CIN,266.04,5,240.0,289.0,,308.0,,215.2,278.0,
416,Treylon Burks,WR,WAS,266.3,3,272.0,311.0,,,,215.9,,
417,Jahan Dotson,WR,ATL,266.34,5,275.0,250.0,,311.0,,215.7,280.0,
418,Skyler Bell,WR,BUF,266.62,4,,255.0,,314.0,,215.5,282.0,
419,Adam Randall,RB,BAL,266.76,5,239.0,235.0,,336.0,,215.8,308.0,
420,Evan Engram,TE,DEN,267.02,5,290.0,291.0,,290.0,,212.1,252.0,
421,Brashard Smith,RB,KC,267.18,5,,342.0,243.0,285.0,,215.9,,250.0
422,Erick All Jr.,TE,CIN,267.8,2,,320.0,,,,215.6,,
423,Emari Demercado,RB,KC,267.98,5,246.0,236.0,,335.0,,215.9,307.0,
424,Andrei Iosivas,WR,CIN,269.03,3,274.0,318.0,,,,215.1,,
425,Keon Coleman,WR,BUF,269.33,7,234.0,307.0,265.0,300.0,,211.3,300.0,268.0
426,Mitchell Evans,TE,CAR,269.9,2,,324.0,,,,215.8,,
427,Savion Williams,WR,GB,269.97,3,253.0,341.0,,,,215.9,,
428,Luke McCaffrey,WR,WAS,270.5,2,,325.0,,,,216.0,,
429,Devin Singletary,RB,NYG,270.6,5,277.0,333.0,,284.0,,216.0,243.0,
430,Tyler Bass,K,BUF,270.6,6,,134.9,296.0,253.0,239.0,,281.0,284.0
431,Chimere Dike,WR,TEN,270.98,6,,315.0,251.0,288.0,,215.9,297.0,259.0
432,Christian Kirk,WR,SF,271.38,6,,323.0,273.0,282.0,,215.3,265.0,270.0
433,Justin Fields,QB,KC,271.73,4,,357.0,,277.0,,215.9,237.0,
434,Nick Folk,K,ATL,271.8,6,257.0,129.5,292.0,238.0,299.0,,,273.0
435,Max Klare,TE,LAR,272.0,4,,,277.0,307.0,,216.0,,288.0
436,Oscar Delp,TE,NO,272.0,2,,328.0,,,,216.0,,
437,Mason Taylor,TE,NYJ,272.12,6,,313.0,256.0,291.0,,215.7,294.0,263.0
438,Michael Trigg,TE,DAL,272.5,4,,,278.0,309.0,,216.0,,287.0
439,Mike Gesicki,TE,CIN,272.9,5,289.0,308.0,,297.0,,208.5,262.0,
440,Joe Mixon,RB,,273.25,4,,,282.0,313.0,,216.0,,282.0
441,Kyle Williams,WR,NE,274.0,5,,344.0,246.0,287.0,,216.0,,277.0
442,Devaughn Vele,WR,NO,274.68,6,,304.0,271.0,298.0,,215.1,289.0,271.0
443,Jake Elliott,K,PHI,275.33,7,288.0,129.7,261.0,227.0,334.0,,286.0,256.0
444,Tampa Bay Buccaneers,DST,TB,276.0,5,235.0,295.0,272.0,304.0,,,,274.0
445,Will Shipley,RB,PHI,276.0,1,276.0,,,,,,,
446,Sione Vaki,RB,DET,276.5,2,,337.0,,,,216.0,,
447,Trevor Etienne,RB,CAR,276.67,3,280.0,334.0,,,,216.0,,
448,Chris Brooks,RB,GB,276.8,5,249.0,293.0,,330.0,,216.0,296.0,
449,Hollywood Brown,WR,PHI,277.45,2,,339.0,,,,215.9,,
450,Ashton Dulin,WR,IND,278.0,2,,340.0,,,,216.0,,
451,Trey Smack,K,GB,278.0,2,287.0,269.0,,,,,,
452,Tyler Badie,RB,DEN,278.0,1,278.0,,,,,,,
453,Younghoe Koo,K,NYJ,278.0,1,,,,,,,,278.0
454,Ty Simpson,QB,LAR,278.25,4,,,283.0,316.0,,216.0,,298.0
455,Jawhar Jordan,RB,HOU,278.33,3,283.0,336.0,,,,216.0,,
456,Elic Ayomanor,WR,TEN,279.16,5,,303.0,284.0,318.0,,215.8,,275.0
457,Kevin Coleman Jr.,WR,MIA,279.5,2,,343.0,,,,216.0,,
458,Jarquez Hunter,RB,LAR,279.6,5,,335.0,263.0,299.0,,216.0,,285.0
459,Isaiah Bond,WR,CLE,280.5,2,,345.0,,,,216.0,,
460,Kalif Raymond,WR,CHI,280.95,2,,346.0,,,,215.9,,
461,Cincinnati Bengals,DST,CIN,281.25,4,285.0,251.0,279.0,310.0,,,,
462,Mack Hollins,WR,NE,281.5,2,,347.0,,,,216.0,,
463,Kareem Hunt,RB,KC,281.75,4,,356.0,,295.0,,216.0,260.0,
464,DeMario Douglas,WR,NE,281.95,2,,348.0,,,,215.9,,
465,Calvin Austin III,WR,NYG,282.5,2,,349.0,,,,216.0,,
466,Devontez Walker,WR,BAL,282.95,2,,350.0,,,,215.9,,
467,Najee Harris,RB,LAC,283.13,6,,281.0,285.0,319.0,,215.8,305.0,293.0
468,Kendrick Bourne,WR,ARI,283.45,2,,351.0,,,,215.9,,
469,Nick Chubb,RB,HOU,284.0,1,,284.0,,,,,,
470,Darren Waller,TE,MIA,284.5,2,,353.0,,,,216.0,,
471,Audric Estime,RB,NO,284.8,5,,379.0,257.0,293.0,,216.0,,279.0
472,Zach Ertz,TE,WAS,285.0,2,,354.0,,,,216.0,,
473,Devin Neal,RB,NO,285.2,5,,296.0,291.0,324.0,,216.0,,299.0
474,Michael Mayer,TE,LV,286.24,5,292.0,,,329.0,,215.2,295.0,300.0
475,Carolina Panthers,DST,CAR,286.8,5,300.0,276.0,276.0,306.0,,,,276.0
476,Chris Brazzell II,WR,CAR,287.2,5,,305.0,,326.0,,216.0,293.0,296.0
477,Dawson Knox,TE,BUF,288.9,2,,362.0,,,,215.8,,
478,Alexander Mattison,RB,,290.0,2,,,,305.0,,,275.0,
479,Brenen Thompson,WR,LAC,292.45,4,,317.0,,334.0,,215.8,303.0,
480,Charlie Smyth,K,NO,293.0,4,,265.0,290.0,323.0,,,,294.0
481,Taysom Hill,TE,NO,293.45,2,,371.0,,,,215.9,,
482,Seth McGowan,RB,IND,294.58,5,281.0,330.0,,337.0,,215.9,309.0,
483,Tennessee Titans,DST,TEN,294.6,5,,292.0,289.0,317.0,,,292.0,283.0
484,Cole Kmet,TE,CHI,294.95,2,,374.0,,,,215.9,,
485,Washington Commanders,DST,WAS,297.0,1,,,,,,,,297.0
486,New Orleans Saints,DST,NO,298.0,4,299.0,300.0,281.0,312.0,,,,
487,Jerome Ford,RB,WAS,299.0,2,,,,315.0,,,283.0,
488,Arizona Cardinals,DST,ARI,302.33,3,,,293.0,325.0,,,,289.0
489,New York Jets,DST,NYJ,303.0,4,298.0,,295.0,328.0,,,,291.0
490,Las Vegas Raiders,DST,LV,303.67,3,,,294.0,327.0,,,,290.0
491,Riley Patterson,K,MIA,304.5,2,,,288.0,321.0,,,,
492,Miami Dolphins,DST,MIA,306.67,3,,,297.0,331.0,,,,292.0
493,Matt Gay,K,LV,317.0,4,,382.0,286.0,320.0,,,,280.0
494,Joey Slye,K,TEN,324.0,2,,367.0,,,,,,281.0
495,Raheim Sanders,RB,CLE,338.0,1,,338.0,,,,,,
496,Spencer Shrader,K,IND,355.0,1,,355.0,,,,,,
497,Zane Gonzalez,K,MIA,358.0,1,,358.0,,,,,,
498,Jake Moody,K,WAS,360.0,1,,360.0,,,,,,
499,Jonnu Smith,TE,PIT,361.0,1,,361.0,,,,,,
500,Brandon McManus,K,GB,364.0,1,,364.0,,,,,,
501,Noah Fant,TE,NO,365.0,1,,365.0,,,,,,
502,Carson Wentz,QB,MIN,366.0,1,,366.0,,,,,,
503,Michael Carter,RB,TEN,370.0,1,,370.0,,,,,,
504,Chad Ryland,K,ARI,372.0,1,,372.0,,,,,,
505,Blake Grupe,K,IND,373.0,1,,373.0,,,,,,
