Rank,Player,Pos,Team,Avg ADP,# Sites,ESPN,Yahoo,Sleeper,PFF
1,Josh Allen,QB,BUF,1.25,4,1.0,1.0,1.0,2.0
2,Drake Maye,QB,NE,4.5,4,5.0,9.0,3.0,1.0
3,Jayden Daniels,QB,WAS,5.5,4,6.0,4.0,8.0,4.0
4,Joe Burrow,QB,CIN,6.0,4,4.0,5.0,10.0,5.0
5,Lamar Jackson,QB,BAL,6.0,4,2.0,8.0,11.0,3.0
6,Ja'Marr Chase,WR,CIN,6.5,4,8.0,2.0,4.0,12.0
7,Jahmyr Gibbs,RB,DET,7.0,4,10.0,3.0,5.0,10.0
8,Bijan Robinson,RB,ATL,8.0,4,9.0,10.0,2.0,11.0
9,Puka Nacua,WR,LAR,9.0,4,7.0,15.0,6.0,8.0
10,Jaxon Smith-Njigba,WR,SEA,10.75,4,11.0,18.0,7.0,7.0
11,Jalen Hurts,QB,PHI,11.0,4,3.0,7.0,25.0,9.0
12,Caleb Williams,QB,CHI,16.75,4,31.0,16.0,14.0,6.0
13,Amon-Ra St. Brown,WR,DET,17.75,4,12.0,31.0,9.0,19.0
14,Jeremiyah Love,RB,ARI,18.5,4,18.0,23.0,18.0,15.0
15,Ashton Jeanty,RB,LV,18.75,4,25.0,20.0,17.0,13.0
16,Malik Nabers,WR,NYG,19.0,4,13.0,34.0,12.0,17.0
17,Patrick Mahomes II,QB,KC,19.75,4,15.0,13.0,26.0,25.0
18,Brock Bowers,TE,LV,21.75,4,23.0,37.0,13.0,14.0
19,Justin Herbert,QB,LAC,21.75,4,28.0,17.0,24.0,18.0
20,Jaxson Dart,QB,NYG,22.25,4,27.0,11.0,23.0,28.0
21,Trevor Lawrence,QB,JAX,22.25,4,30.0,12.0,31.0,16.0
22,Brock Purdy,QB,SF,23.0,4,14.0,22.0,36.0,20.0
23,Justin Jefferson,WR,MIN,23.0,4,16.0,33.0,16.0,27.0
24,Omarion Hampton,RB,LAC,25.0,4,26.0,32.0,21.0,21.0
25,De'Von Achane,RB,MIA,25.25,4,21.0,38.0,20.0,22.0
26,Trey McBride,TE,ARI,25.5,4,20.0,44.0,15.0,23.0
27,Drake London,WR,ATL,25.75,4,22.0,35.0,22.0,24.0
28,CeeDee Lamb,WR,DAL,26.0,4,19.0,36.0,19.0,30.0
29,Dak Prescott,QB,DAL,26.75,4,17.0,6.0,44.0,40.0
30,Bo Nix,QB,DEN,27.5,4,32.0,19.0,33.0,26.0
31,Tetairoa McMillan,WR,CAR,33.25,4,33.0,39.0,28.0,33.0
32,Jonathan Taylor,RB,IND,34.25,4,37.0,42.0,27.0,31.0
33,James Cook III,RB,BUF,36.25,4,39.0,40.0,30.0,36.0
34,Nico Collins,WR,HOU,36.5,4,35.0,43.0,34.0,34.0
35,Chris Olave,WR,NO,38.5,4,38.0,49.0,35.0,32.0
36,George Pickens,WR,DAL,38.5,4,36.0,47.0,32.0,39.0
37,Colston Loveland,TE,CHI,39.75,4,53.0,48.0,29.0,29.0
38,Emeka Egbuka,WR,TB,41.0,4,46.0,46.0,37.0,35.0
39,Jared Goff,QB,DET,41.0,3,44.0,14.0,65.0,
40,Garrett Wilson,WR,NYJ,41.5,4,34.0,50.0,40.0,42.0
41,Rashee Rice,WR,KC,43.0,3,24.0,53.0,52.0,
42,Jordan Love,QB,GB,45.0,4,66.0,21.0,49.0,44.0
43,Baker Mayfield,QB,TB,45.25,4,43.0,29.0,64.0,45.0
44,Ladd McConkey,WR,LAC,46.25,4,52.0,45.0,45.0,43.0
45,Matthew Stafford,QB,LAR,47.33,3,29.0,24.0,89.0,
46,Kenneth Walker III,RB,KC,48.0,4,57.0,51.0,47.0,37.0
47,Chase Brown,RB,CIN,49.0,4,58.0,59.0,41.0,38.0
48,Kyler Murray,QB,MIN,49.0,4,41.0,25.0,84.0,46.0
49,Tyler Shough,QB,NO,50.0,3,42.0,30.0,78.0,
50,Tyler Warren,TE,IND,50.25,4,61.0,55.0,38.0,47.0
51,Carnell Tate,WR,TEN,50.67,3,45.0,57.0,50.0,
52,Quinshon Judkins,RB,CLE,51.25,4,59.0,52.0,53.0,41.0
53,Christian McCaffrey,RB,SF,51.67,3,40.0,72.0,43.0,
54,Breece Hall,RB,NYJ,52.0,4,47.0,63.0,48.0,50.0
55,TreVeyon Henderson,RB,NE,52.5,4,60.0,60.0,42.0,48.0
56,Luther Burden III,WR,CHI,54.0,3,54.0,54.0,54.0,
57,CJ. Stroud,QB,HOU,56.0,3,65.0,27.0,76.0,
58,Jordyn Tyson,WR,NO,56.0,3,55.0,56.0,57.0,
59,Rome Odunze,WR,CHI,56.33,3,56.0,58.0,55.0,
60,Saquon Barkley,RB,PHI,59.0,3,48.0,73.0,56.0,
61,Zay Flowers,WR,BAL,60.67,3,49.0,67.0,66.0,
62,Malik Willis,QB,MIA,62.67,3,69.0,26.0,93.0,
63,AJ. Brown,WR,NE,63.0,3,51.0,78.0,60.0,
64,Daniel Jones,QB,IND,63.0,3,67.0,28.0,94.0,
65,DeVonta Smith,WR,PHI,63.0,3,50.0,65.0,74.0,
66,Harold Fannin Jr.,TE,CLE,63.33,3,70.0,74.0,46.0,
67,Tee Higgins,WR,CIN,64.0,3,63.0,68.0,61.0,
68,Marvin Harrison Jr.,WR,ARI,65.0,3,72.0,64.0,59.0,
69,Jaylen Waddle,WR,MIA,66.0,1,,66.0,,
70,Fernando Mendoza,QB,LV,66.25,4,115.0,62.0,39.0,49.0
71,Jameson Williams,WR,DET,67.33,3,64.0,69.0,69.0,
72,Cameron Ward,QB,TEN,69.0,3,94.0,41.0,72.0,
73,Bucky Irving,RB,TB,69.33,3,74.0,83.0,51.0,
74,Cameron Skattebo,RB,NYG,69.33,3,62.0,71.0,75.0,
75,Tucker Kraft,TE,GB,69.33,3,89.0,61.0,58.0,
76,Makai Lemon,WR,PHI,72.5,2,78.0,,67.0,
77,Brian Thomas Jr.,WR,JAX,73.33,3,88.0,70.0,62.0,
78,Sam Darnold,QB,SEA,74.0,2,68.0,,80.0,
79,Kyren Williams,RB,LAR,75.67,3,83.0,81.0,63.0,
80,Sam LaPorta,TE,DET,76.67,3,77.0,85.0,68.0,
81,Javonte Williams,RB,DAL,77.33,3,87.0,75.0,70.0,
82,Kyle Pitts Sr.,TE,ATL,78.0,3,73.0,84.0,77.0,
83,Derrick Henry,RB,BAL,78.67,3,71.0,82.0,83.0,
84,Josh Jacobs,RB,GB,79.67,3,75.0,93.0,71.0,
85,KC Concepcion,WR,CLE,80.33,3,79.0,77.0,85.0,
86,Jadarian Price,RB,SEA,83.67,3,80.0,90.0,81.0,
87,Travis Etienne Jr.,RB,NO,84.67,3,102.0,79.0,73.0,
88,DJ. Moore,WR,BUF,87.67,3,86.0,87.0,90.0,
89,Terry McLaurin,WR,WAS,90.33,3,84.0,80.0,107.0,
90,Bryce Young,QB,CAR,90.5,2,93.0,,88.0,
91,Alec Pierce,WR,IND,91.67,3,90.0,94.0,91.0,
92,Bhayshul Tuten,RB,JAX,92.33,3,81.0,100.0,96.0,
93,Jordan Addison,WR,MIN,94.33,3,95.0,91.0,97.0,
94,Kenyon Sadiq,TE,NYJ,94.67,3,101.0,96.0,87.0,
95,DK. Metcalf,WR,PIT,97.67,3,92.0,98.0,103.0,
96,Parker Washington,WR,JAX,98.33,3,96.0,88.0,111.0,
97,Jayden Higgins,WR,HOU,98.67,3,104.0,76.0,116.0,
98,Christian Watson,WR,GB,99.67,3,109.0,92.0,98.0,
99,Davante Adams,WR,LAR,100.33,3,85.0,110.0,106.0,
100,D'Andre Swift,RB,CHI,100.67,3,103.0,99.0,100.0,
101,RJ Harvey,RB,DEN,101.0,3,107.0,114.0,82.0,
102,Wan'Dale Robinson,WR,NYG,101.0,1,,101.0,,
103,Kyle Monangai,RB,CHI,105.0,3,106.0,104.0,105.0,
104,Ricky Pearsall,WR,SF,105.33,3,111.0,103.0,102.0,
105,Michael Wilson,WR,ARI,106.33,3,114.0,113.0,92.0,
106,Michael Pittman Jr.,WR,PIT,108.33,3,91.0,116.0,118.0,
107,Courtland Sutton,WR,DEN,111.0,3,99.0,111.0,123.0,
108,David Montgomery,RB,HOU,111.0,3,119.0,105.0,109.0,
109,Omar Cooper Jr.,WR,NYJ,111.0,3,97.0,141.0,95.0,
110,George Kittle,TE,SF,112.33,3,100.0,123.0,114.0,
111,Jake Ferguson,TE,DAL,114.33,3,113.0,122.0,108.0,
112,Matthew Golden,WR,GB,114.67,3,82.0,138.0,124.0,
113,Jaylen Warren,RB,PIT,115.33,3,122.0,107.0,117.0,
114,Denzel Boston,WR,CLE,116.0,3,105.0,130.0,113.0,
115,Mike Evans,WR,SF,116.0,3,121.0,108.0,119.0,
116,Chuba Hubbard,RB,CAR,117.33,3,112.0,120.0,120.0,
117,Jakobi Meyers,WR,JAX,120.0,3,118.0,115.0,127.0,
118,Oronde Gadsden II,TE,LAC,121.33,3,192.0,86.0,86.0,
119,Travis Hunter,WR,JAX,121.33,3,110.0,142.0,112.0,
120,Josh Downs,WR,IND,122.33,3,134.0,95.0,138.0,
121,Rico Dowdle,RB,PIT,122.67,3,127.0,112.0,129.0,
122,Quentin Johnston,WR,LAC,123.67,3,131.0,118.0,122.0,
123,Jonathon Brooks,RB,CAR,124.33,3,130.0,89.0,154.0,
124,Xavier Worthy,WR,KC,125.0,3,128.0,119.0,128.0,
125,Dalton Kincaid,TE,BUF,125.33,3,148.0,127.0,101.0,
126,Rhamondre Stevenson,RB,NE,125.33,3,126.0,117.0,133.0,
127,Eli Stowers,TE,PHI,125.67,3,150.0,97.0,130.0,
128,Isaiah Likely,TE,NYG,126.33,3,151.0,102.0,126.0,
129,Kenneth Gainwell,RB,TB,128.33,3,129.0,109.0,147.0,
130,Germie Bernard,WR,PIT,128.67,3,108.0,139.0,139.0,
131,Chris Bell,WR,MIA,129.0,3,124.0,129.0,134.0,
132,Chris Godwin Jr.,WR,TB,129.33,3,142.0,106.0,140.0,
133,Zach Charbonnet,RB,SEA,131.0,3,144.0,134.0,115.0,
134,Blake Corum,RB,LAR,132.33,3,147.0,125.0,125.0,
135,Khalil Shakir,WR,BUF,134.67,3,132.0,126.0,146.0,
136,Romeo Doubs,WR,NE,134.67,3,141.0,131.0,132.0,
137,Woody Marks,RB,HOU,137.5,2,133.0,,142.0,
138,Brenton Strange,TE,JAX,138.0,3,183.0,121.0,110.0,
139,Jonah Coleman,RB,DEN,140.0,3,154.0,135.0,131.0,
140,Tua Tagovailoa,QB,ATL,140.0,2,136.0,,144.0,
141,TJ. Hockenson,TE,MIN,140.5,2,120.0,,161.0,
142,Tony Pollard,RB,TEN,140.67,3,123.0,132.0,167.0,
143,Jalen McMillan,WR,TB,141.0,3,140.0,133.0,150.0,
144,Jayden Reed,WR,GB,141.33,3,165.0,124.0,135.0,
145,Jalen Coker,WR,CAR,143.0,3,164.0,128.0,137.0,
146,Michael Penix Jr.,QB,ATL,143.0,2,137.0,,149.0,
147,JK. Dobbins,RB,DEN,146.0,3,143.0,152.0,143.0,
148,Tyler Allgeier,RB,ARI,146.33,3,160.0,158.0,121.0,
149,Jacoby Brissett,QB,ARI,147.0,2,135.0,,159.0,
150,Mark Andrews,TE,BAL,147.67,3,146.0,144.0,153.0,
151,Jacory Croskey-Merritt,RB,WAS,150.0,3,153.0,149.0,148.0,
152,Shedeur Sanders,QB,CLE,150.5,2,139.0,,162.0,
153,Brandon Aiyuk,WR,SF,151.0,2,,147.0,155.0,
154,Geno Smith,QB,NYJ,151.0,2,117.0,,185.0,
155,Dallas Goedert,TE,PHI,152.5,2,145.0,,160.0,
156,Travis Kelce,TE,KC,154.33,3,149.0,145.0,169.0,
157,Brian Robinson Jr.,RB,ATL,155.33,3,238.0,,217.0,11.0
158,Rachaad White,RB,WAS,158.33,3,152.0,146.0,177.0,
159,Chris Brazzell II,WR,CAR,159.5,2,155.0,,164.0,
160,Elijah Sarratt,WR,BAL,160.0,2,163.0,,157.0,
161,JJ. McCarthy,QB,MIN,160.0,2,169.0,,151.0,
162,Mason Taylor,TE,NYJ,160.0,2,,184.0,136.0,
163,Aaron Jones Sr.,RB,MIN,162.67,3,125.0,157.0,206.0,
164,Los Angeles Rams,DST,LAR,163.43,3,173.0,150.0,167.3,
165,Terrance Ferguson,TE,LAR,165.67,3,171.0,163.0,163.0,
166,Houston Texans,DST,HOU,165.7,3,170.0,158.0,169.1,
167,Denver Broncos,DST,DEN,165.77,3,169.0,156.0,172.3,
168,Aaron Rodgers,QB,PIT,167.0,2,116.0,,218.0,
169,Tre Harris,WR,LAC,168.5,2,172.0,,165.0,
170,Seattle Seahawks,DST,SEA,169.23,3,172.0,165.0,170.7,
171,Jordan Mason,RB,MIN,169.33,3,174.0,166.0,168.0,
172,Juwan Johnson,TE,NO,170.0,2,199.0,,141.0,
173,Trey Benson,RB,ARI,170.0,2,184.0,,156.0,
174,AJ Barner,TE,SEA,170.67,3,213.0,154.0,145.0,
175,Antonio Williams,WR,WAS,171.67,3,176.0,140.0,199.0,
176,Theo Johnson,TE,NYG,173.0,1,,,173.0,
177,Tyjae Spears,RB,TEN,174.0,3,162.0,170.0,190.0,
178,Gunnar Helm,TE,TEN,175.33,3,182.0,178.0,166.0,
179,Ty Simpson,QB,LAR,175.5,2,247.0,,104.0,
180,New England Patriots,DST,NE,175.57,3,177.0,172.0,177.7,
181,Braelon Allen,RB,NYJ,175.67,3,159.0,186.0,182.0,
182,Tyrone Tracy Jr.,RB,NYG,176.0,1,,,176.0,
183,Philadelphia Eagles,DST,PHI,176.7,3,175.0,182.0,173.1,
184,Rashid Shaheed,WR,SEA,177.0,3,200.0,161.0,170.0,
185,Chris Rodriguez Jr.,RB,JAX,179.33,3,173.0,156.0,209.0,
186,Mac Jones,QB,SF,180.0,1,,,180.0,
187,Anthony Richardson,QB,IND,181.0,1,,,181.0,
188,Malachi Fields,WR,NYG,181.0,2,157.0,,205.0,
189,Pat Bryant,WR,DEN,181.0,2,191.0,,171.0,
190,Zachariah Branch,WR,ATL,181.0,2,175.0,,187.0,
191,Baltimore Ravens,DST,BAL,181.53,3,174.0,195.0,175.6,
192,Isaac TeSlaa,WR,DET,181.67,3,194.0,162.0,189.0,
193,Ted Hurst,WR,TB,181.67,3,187.0,143.0,215.0,
194,Mike Washington Jr.,RB,LV,183.0,3,178.0,179.0,192.0,
195,Jack Bech,WR,LV,184.33,3,166.0,160.0,227.0,
196,Chigoziem Okonkwo,TE,WAS,184.67,3,220.0,155.0,179.0,
197,Caleb Douglas,WR,MIA,185.0,1,185.0,,,
198,Skyler Bell,WR,BUF,185.0,3,177.0,136.0,242.0,
199,Jaylin Noel,WR,HOU,185.67,3,201.0,153.0,203.0,
200,Nicholas Singleton,RB,TEN,185.67,3,234.0,171.0,152.0,
201,David Njoku,TE,LAC,186.0,1,,,186.0,
202,Bryce Lance,WR,NO,186.5,2,204.0,169.0,,
203,Tank Bigsby,RB,PHI,187.33,3,190.0,174.0,198.0,
204,Jerry Jeudy,WR,CLE,187.67,3,179.0,196.0,188.0,
205,Eli Raridon,TE,NE,189.0,1,,189.0,,
206,Adonai Mitchell,WR,NYJ,189.33,3,206.0,167.0,195.0,
207,Emmett Johnson,RB,KC,189.33,3,235.0,150.0,183.0,
208,Pittsburgh Steelers,DST,PIT,189.93,3,171.0,192.0,206.8,
209,Hunter Henry,TE,NE,190.0,2,205.0,,175.0,
210,Minnesota Vikings,DST,MIN,190.95,2,,174.0,207.9,
211,Alvin Kamara,RB,NO,191.0,2,161.0,,221.0,
212,Detroit Lions,DST,DET,191.3,3,178.0,186.0,209.9,
213,Isiah Pacheco,RB,DET,191.67,3,209.0,165.0,201.0,
214,Chimere Dike,WR,TEN,192.0,3,210.0,182.0,184.0,
215,Dalton Schultz,TE,HOU,192.5,2,211.0,,174.0,
216,Dylan Sampson,RB,CLE,193.0,2,195.0,,191.0,
217,Savion Williams,WR,GB,193.0,1,193.0,,,
218,De'Zhaun Stribling,WR,SF,193.33,3,156.0,137.0,287.0,
219,Troy Franklin,WR,DEN,193.5,2,215.0,,172.0,
220,Greg Dulcich,TE,MIA,194.0,2,224.0,164.0,,
221,Ja'Kobi Lane,WR,BAL,194.5,2,158.0,,231.0,
222,Jauan Jennings,WR,MIN,195.67,3,239.0,190.0,158.0,
223,Tre Tucker,WR,LV,196.33,3,188.0,168.0,233.0,
224,MarShawn Lloyd,RB,GB,197.0,1,,197.0,,
225,Nathaniel Dell,WR,HOU,197.67,3,208.0,175.0,210.0,
226,Tai Felton,WR,MIN,198.0,1,198.0,,,
227,Deshaun Watson,QB,CLE,198.5,2,138.0,,259.0,
228,James Conner,RB,ARI,199.0,2,186.0,,212.0,
229,Ollie Gordon II,RB,MIA,199.0,2,170.0,,228.0,
230,Jalen Nailor,WR,LV,199.67,3,227.0,148.0,224.0,
231,Pat Freiermuth,TE,PIT,200.5,2,197.0,,204.0,
232,Kirk Cousins,QB,LV,201.5,2,168.0,,235.0,
233,Elic Ayomanor,WR,TEN,201.67,3,219.0,193.0,193.0,
234,Carson Beck,QB,ARI,202.0,2,167.0,,237.0,
235,Keaton Mitchell,RB,LAC,202.67,3,241.0,151.0,216.0,
236,Tyreek Hill,WR,MIA,203.0,3,228.0,185.0,196.0,
237,Kyle Williams,WR,NE,203.5,2,196.0,,211.0,
238,Kayshon Boutte,WR,NE,203.67,3,242.0,191.0,178.0,
239,Jordan James,RB,SF,204.0,3,189.0,173.0,250.0,
240,Tory Horton,WR,SEA,206.0,3,207.0,192.0,219.0,
241,Cade Otton,TE,TB,208.0,1,,,208.0,
242,Stefon Diggs,WR,NE,209.0,2,246.0,172.0,,
243,Kaleb Johnson,RB,PIT,209.5,2,222.0,,197.0,
244,Kimani Vidal,RB,LAC,209.5,2,212.0,,207.0,
245,Jake Tonges,TE,SF,211.5,2,221.0,,202.0,
246,Los Angeles Chargers,DST,LAC,211.53,3,180.0,191.0,263.6,
247,Dontayvion Wicks,WR,PHI,212.0,2,,159.0,265.0,
248,Emanuel Wilson,RB,SEA,213.0,1,,,213.0,
249,Kaytron Allen,RB,WAS,213.33,3,237.0,180.0,223.0,
250,Justin Fields,QB,KC,214.0,1,,,214.0,
251,Malik Washington,WR,MIA,214.0,2,,194.0,234.0,
252,Deebo Samuel,WR,SF,215.0,2,236.0,,194.0,
253,Kansas City Chiefs,DST,KC,215.03,3,179.0,198.0,268.1,
254,Sean Tucker,RB,TB,217.0,3,245.0,177.0,229.0,
255,Keon Coleman,WR,BUF,218.5,2,217.0,,220.0,
256,Ryan Flournoy,WR,DAL,218.5,2,,181.0,256.0,
257,Michael Mayer,TE,LV,219.0,3,244.0,183.0,230.0,
258,Ray Davis,RB,BUF,219.0,3,240.0,176.0,241.0,
259,Calvin Ridley,WR,TEN,220.0,2,180.0,,260.0,
260,Elijah Arroyo,TE,SEA,220.0,2,218.0,,222.0,
261,Jacksonville Jaguars,DST,JAX,223.73,3,267.0,193.0,211.2,
262,Devin Neal,RB,NO,225.0,1,,,225.0,
263,Jalen Milroe,QB,SEA,226.0,1,,,226.0,
264,Jaylen Wright,RB,MIA,228.0,2,216.0,,240.0,
265,Brashard Smith,RB,KC,230.5,2,214.0,,247.0,
266,Jaydon Blue,RB,DAL,231.0,2,223.0,,239.0,
267,Colby Parkinson,TE,LAR,232.0,1,,,232.0,
268,Marlin Klein,TE,HOU,232.0,1,232.0,,,
269,Demond Claiborne,RB,MIN,233.5,2,,195.0,272.0,
270,LeQuint Allen,RB,JAX,233.5,2,203.0,,264.0,
271,Oscar Delp,TE,NO,234.5,2,,188.0,281.0,
272,Rashod Bateman,WR,BAL,234.5,2,202.0,,267.0,
273,Darnell Mooney,WR,NYG,236.0,1,,,236.0,
274,Darnell Washington,TE,PIT,237.5,2,,187.0,288.0,
275,Will Howard,QB,PIT,238.0,1,,,238.0,
276,Kaelon Black,RB,SF,240.5,2,181.0,,300.0,
277,Ja'Tavion Sanders,TE,CAR,241.0,2,229.0,,253.0,
278,Max Klare,TE,LAR,241.0,2,231.0,,251.0,
279,Isaiah Bond,WR,CLE,243.0,1,,,243.0,
280,Justice Hill,RB,BAL,243.0,1,243.0,,,
281,Garrett Nussmeier,QB,KC,244.0,1,,,244.0,
282,Drew Allar,QB,PIT,245.0,1,,,245.0,
283,Tez Johnson,WR,TB,246.0,1,,,246.0,
284,Dont'e Thornton Jr.,WR,LV,247.0,2,225.0,,269.0,
285,DJ Giddens,RB,IND,248.0,1,,,248.0,
286,Buffalo Bills,DST,BUF,248.1,2,,194.0,302.2,
287,Evan Engram,TE,DEN,249.0,1,,,249.0,
288,Green Bay Packers,DST,GB,251.0,2,237.0,,265.0,
289,Devaughn Vele,WR,NO,252.0,1,,,252.0,
290,Mike Gesicki,TE,CIN,253.5,2,230.0,,277.0,
291,Najee Harris,RB,LAC,254.0,1,,,254.0,
292,Xavier Legette,WR,CAR,255.0,1,,,255.0,
293,Quinn Ewers,QB,MIA,257.0,1,,,257.0,
294,Marvin Mims Jr.,WR,DEN,258.0,1,,,258.0,
295,Adam Randall,RB,BAL,259.5,2,233.0,,286.0,
296,Trevor Etienne,RB,CAR,259.5,2,226.0,,293.0,
297,Ben Sinnott,TE,WAS,261.0,1,,,261.0,
298,Christian Kirk,WR,SF,262.0,1,,,262.0,
299,Cade Klubnik,QB,NYJ,263.0,1,,,263.0,
300,Marquise Brown,WR,PHI,266.0,1,,,266.0,
301,Kevin Coleman Jr.,WR,MIA,268.0,1,,,268.0,
302,Joe Mixon,RB,,270.0,1,,,270.0,
303,Marcus Mariota,QB,WAS,271.0,1,,,271.0,
304,Riley Leonard,QB,IND,273.0,1,,,273.0,
305,Cole Kmet,TE,CHI,274.0,1,,,274.0,
306,Isaiah Davis,RB,NYJ,275.0,1,,,275.0,
307,Noah Gray,TE,KC,276.0,1,,,276.0,
308,Brenen Thompson,WR,LAC,278.0,1,,,278.0,
309,Cedric Tillman,WR,CLE,279.0,1,,,279.0,
310,Tyquan Thornton,WR,KC,282.0,1,,,282.0,
311,Kendre Miller,RB,NO,283.0,1,,,283.0,
312,Jahan Dotson,WR,ATL,284.0,1,,,284.0,
313,Jalen Royals,WR,KC,285.0,1,,,285.0,
314,Cooper Kupp,WR,SEA,289.0,1,,,289.0,
315,Keenan Allen,WR,LAC,290.0,1,,,290.0,
316,Demario Douglas,WR,NE,291.0,1,,,291.0,
317,Jameis Winston,QB,NYG,292.0,1,,,292.0,
318,Joe Milton III,QB,DAL,294.0,1,,,294.0,
319,Tyson Bagent,QB,CHI,295.0,1,,,295.0,
320,J'Mari Taylor,RB,JAX,296.0,1,,,296.0,
321,Michael Trigg,TE,DAL,297.0,1,,,297.0,
322,Jamarion Miller,RB,NE,298.0,1,,,298.0,
323,Deion Burks,WR,IND,299.0,1,,,299.0,
324,Chicago Bears,DST,CHI,300.75,2,295.0,,306.5,
325,Dallas Cowboys,DST,DAL,301.6,1,,,301.6,
326,San Francisco 49ers,DST,SF,303.5,1,,,303.5,
327,New York Giants,DST,NYG,307.0,1,,,307.0,
328,Cleveland Browns,DST,CLE,369.05,2,176.0,,562.1,
329,Tampa Bay Buccaneers,DST,TB,407.0,2,236.0,,578.0,
330,Cincinnati Bengals,DST,CIN,422.25,2,294.0,,550.5,
331,Indianapolis Colts,DST,IND,455.5,2,268.0,,643.0,
332,Las Vegas Raiders,DST,LV,533.3,1,,,533.3,
333,Miami Dolphins,DST,MIA,539.4,1,,,539.4,
334,Tennessee Titans,DST,TEN,565.0,1,,,565.0,
335,Arizona Cardinals,DST,ARI,591.3,1,,,591.3,
336,New York Jets,DST,NYJ,597.0,1,,,597.0,
337,Washington Commanders,DST,WAS,602.9,1,,,602.9,
338,Atlanta Falcons,DST,ATL,614.0,1,,,614.0,
339,New Orleans Saints,DST,NO,615.2,1,,,615.2,
340,Carolina Panthers,DST,CAR,635.9,1,,,635.9,
