Rank,Player,Pos,Team,Avg ADP,# Sites,ESPN,Yahoo,Sleeper,FantasyPros,PFF
1,Bijan Robinson,RB,ATL,2.4,5,3.0,3.0,1.0,1.0,4.0
2,Ja'Marr Chase,WR,CIN,2.4,5,2.0,1.0,2.0,2.0,5.0
3,Jahmyr Gibbs,RB,DET,3.0,5,4.0,2.0,3.0,3.0,3.0
4,Puka Nacua,WR,LAR,3.0,5,1.0,4.0,4.0,4.0,2.0
5,Jaxon Smith-Njigba,WR,SEA,4.2,5,5.0,5.0,5.0,5.0,1.0
6,Amon-Ra St. Brown,WR,DET,7.6,5,6.0,8.0,7.0,7.0,10.0
7,Malik Nabers,WR,NYG,8.6,5,7.0,11.0,8.0,8.0,9.0
8,Brock Bowers,TE,LV,11.0,5,14.0,14.0,10.0,10.0,7.0
9,Ashton Jeanty,RB,LV,11.2,5,16.0,6.0,14.0,14.0,6.0
10,Jeremiyah Love,RB,ARI,11.2,5,9.0,7.0,16.0,16.0,8.0
11,Justin Jefferson,WR,MIN,11.8,5,8.0,10.0,13.0,13.0,15.0
12,Trey McBride,TE,ARI,13.6,5,11.0,20.0,12.0,12.0,13.0
13,De'Von Achane,RB,MIA,15.4,5,12.0,15.0,19.0,19.0,12.0
14,Omarion Hampton,RB,LAC,15.4,5,17.0,9.0,20.0,20.0,11.0
15,CeeDee Lamb,WR,DAL,15.6,5,10.0,13.0,18.0,18.0,19.0
16,Drake London,WR,ATL,16.2,5,13.0,12.0,21.0,21.0,14.0
17,Josh Allen,QB,BUF,16.4,5,29.0,24.0,6.0,6.0,17.0
18,Drake Maye,QB,NE,19.6,5,36.0,28.0,9.0,9.0,16.0
19,Tetairoa McMillan,WR,CAR,20.4,5,18.0,16.0,23.0,23.0,22.0
20,Jonathan Taylor,RB,IND,20.8,5,22.0,18.0,22.0,22.0,20.0
21,Jayden Daniels,QB,WAS,23.2,5,24.0,31.0,15.0,15.0,31.0
22,James Cook III,RB,BUF,23.4,5,25.0,17.0,25.0,25.0,25.0
23,Nico Collins,WR,HOU,23.6,5,20.0,19.0,28.0,28.0,23.0
24,George Pickens,WR,DAL,25.2,5,21.0,23.0,27.0,27.0,28.0
25,Colston Loveland,TE,CHI,25.6,5,37.0,25.0,24.0,24.0,18.0
26,Chris Olave,WR,NO,25.8,5,23.0,27.0,29.0,29.0,21.0
27,Lamar Jackson,QB,BAL,26.2,5,41.0,26.0,17.0,17.0,30.0
28,Emeka Egbuka,WR,TB,26.8,5,28.0,22.0,30.0,30.0,24.0
29,Garrett Wilson,WR,NYJ,29.0,5,19.0,29.0,32.0,32.0,33.0
30,Joe Burrow,QB,CIN,30.8,5,57.0,43.0,11.0,11.0,32.0
31,Ladd McConkey,WR,LAC,32.4,5,35.0,21.0,36.0,36.0,34.0
32,Rashee Rice,WR,KC,33.0,4,15.0,33.0,42.0,42.0,
33,Kenneth Walker III,RB,KC,34.8,5,42.0,30.0,38.0,38.0,26.0
34,Chase Brown,RB,CIN,35.0,5,43.0,39.0,33.0,33.0,27.0
35,Tyler Warren,TE,IND,35.6,5,46.0,35.0,31.0,31.0,35.0
36,Carnell Tate,WR,TEN,36.4,5,27.0,37.0,40.0,40.0,38.0
37,Breece Hall,RB,NYJ,37.4,5,30.0,42.0,39.0,39.0,37.0
38,TreVeyon Henderson,RB,NE,37.8,5,45.0,40.0,34.0,34.0,36.0
39,Quinshon Judkins,RB,CLE,38.2,5,44.0,32.0,43.0,43.0,29.0
40,Christian McCaffrey,RB,SF,39.2,5,26.0,52.0,35.0,35.0,48.0
41,Luther Burden III,WR,CHI,40.4,5,38.0,34.0,45.0,45.0,40.0
42,Jalen Hurts,QB,PHI,42.2,5,52.0,64.0,26.0,26.0,43.0
43,Rome Odunze,WR,CHI,42.5,4,40.0,38.0,46.0,46.0,
44,Jordyn Tyson,WR,NO,42.75,4,39.0,36.0,48.0,48.0,
45,Saquon Barkley,RB,PHI,44.8,5,31.0,53.0,47.0,47.0,46.0
46,Harold Fannin Jr.,TE,CLE,45.8,5,51.0,54.0,37.0,37.0,50.0
47,Zay Flowers,WR,BAL,47.4,5,32.0,47.0,58.0,58.0,42.0
48,Bucky Irving,RB,TB,49.4,5,56.0,68.0,41.0,41.0,41.0
49,Marvin Harrison Jr.,WR,ARI,49.5,4,54.0,44.0,50.0,50.0,
50,Patrick Mahomes II,QB,KC,50.75,4,59.0,56.0,44.0,44.0,
51,Tee Higgins,WR,CIN,51.0,4,48.0,48.0,54.0,54.0,
52,Tucker Kraft,TE,GB,52.8,5,76.0,41.0,49.0,49.0,49.0
53,DeVonta Smith,WR,PHI,53.0,4,33.0,45.0,67.0,67.0,
54,Caleb Williams,QB,CHI,53.8,5,60.0,66.0,52.0,52.0,39.0
55,Jameson Williams,WR,DET,55.5,4,49.0,49.0,62.0,62.0,
56,Brian Thomas Jr.,WR,JAX,56.4,5,75.0,50.0,56.0,56.0,45.0
57,Kyren Williams,RB,LAR,58.4,5,69.0,65.0,57.0,57.0,44.0
58,Cameron Skattebo,RB,NYG,58.5,4,47.0,51.0,68.0,68.0,
59,Makai Lemon,WR,PHI,60.33,3,63.0,,59.0,59.0,
60,Jaxson Dart,QB,NYG,61.75,4,50.0,87.0,55.0,55.0,
61,Sam LaPorta,TE,DET,63.5,4,62.0,70.0,61.0,61.0,
62,Javonte Williams,RB,DAL,63.75,4,74.0,55.0,63.0,63.0,
63,Justin Herbert,QB,LAC,64.5,4,94.0,58.0,53.0,53.0,
64,Kyle Pitts Sr.,TE,ATL,65.5,4,55.0,69.0,69.0,69.0,
65,Josh Jacobs,RB,GB,66.0,4,58.0,78.0,64.0,64.0,
66,Derrick Henry,RB,BAL,66.5,4,53.0,67.0,73.0,73.0,
67,Jaylen Waddle,WR,DEN,67.0,3,61.0,,70.0,70.0,
68,KC Concepcion,WR,CLE,69.0,4,64.0,60.0,76.0,76.0,
69,Jadarian Price,RB,SEA,70.5,4,65.0,75.0,71.0,71.0,
70,Trevor Lawrence,QB,JAX,70.5,4,71.0,81.0,65.0,65.0,
71,Travis Etienne Jr.,RB,NO,70.75,4,89.0,62.0,66.0,66.0,
72,Bo Nix,QB,DEN,71.0,4,67.0,97.0,60.0,60.0,
73,Alec Pierce,WR,IND,77.5,4,77.0,79.0,77.0,77.0,
74,Bhayshul Tuten,RB,JAX,78.0,4,66.0,86.0,80.0,80.0,
75,Terry McLaurin,WR,WAS,78.75,4,70.0,63.0,91.0,91.0,
76,Jordan Addison,WR,MIN,79.5,4,80.0,76.0,81.0,81.0,
77,DJ. Moore,WR,BUF,80.75,4,73.0,72.0,89.0,89.0,
78,Brock Purdy,QB,SF,81.75,4,85.0,92.0,75.0,75.0,
79,Wan'Dale Robinson,WR,TEN,83.33,3,84.0,,83.0,83.0,
80,Christian Watson,WR,GB,84.75,4,98.0,77.0,82.0,82.0,
81,D'Andre Swift,RB,CHI,85.75,4,90.0,85.0,84.0,84.0,
82,Kenyon Sadiq,TE,NYJ,86.0,4,88.0,82.0,87.0,87.0,
83,RJ Harvey,RB,DEN,86.0,4,96.0,104.0,72.0,72.0,
84,Parker Washington,WR,JAX,86.5,4,81.0,73.0,96.0,96.0,
85,Davante Adams,WR,LAR,88.0,4,72.0,100.0,90.0,90.0,
86,Jayden Higgins,WR,HOU,88.0,4,91.0,57.0,102.0,102.0,
87,Kyle Monangai,RB,CHI,90.0,4,93.0,91.0,88.0,88.0,
88,AJ. Brown,WR,NE,90.2,5,241.0,61.0,51.0,51.0,47.0
89,Michael Wilson,WR,ARI,91.0,4,105.0,103.0,78.0,78.0,
90,Ricky Pearsall,WR,SF,92.0,3,100.0,90.0,86.0,,
91,DK. Metcalf,WR,PIT,92.25,4,79.0,84.0,103.0,103.0,
92,Omar Cooper Jr.,WR,NYJ,94.25,4,83.0,136.0,79.0,79.0,
93,David Montgomery,RB,HOU,96.5,4,107.0,93.0,93.0,93.0,
94,Fernando Mendoza,QB,LV,96.5,4,82.0,106.0,99.0,99.0,
95,Michael Pittman Jr.,WR,PIT,99.0,4,78.0,108.0,105.0,105.0,
96,Oronde Gadsden II,TE,LAC,99.75,4,180.0,71.0,74.0,74.0,
97,George Kittle,TE,SF,100.5,4,87.0,115.0,100.0,100.0,
98,Jake Ferguson,TE,DAL,100.5,4,104.0,114.0,92.0,92.0,
99,Courtland Sutton,WR,DEN,101.75,4,86.0,101.0,110.0,110.0,
100,Denzel Boston,WR,CLE,102.75,4,92.0,123.0,98.0,98.0,
101,Jaylen Warren,RB,PIT,103.25,4,110.0,95.0,104.0,104.0,
102,Mike Evans,WR,SF,104.25,4,109.0,96.0,106.0,106.0,
103,Dak Prescott,QB,DAL,104.75,4,95.0,98.0,113.0,113.0,
104,Matthew Golden,WR,GB,105.5,4,68.0,132.0,111.0,111.0,
105,Dalton Kincaid,TE,BUF,105.75,4,133.0,120.0,85.0,85.0,
106,Chuba Hubbard,RB,CAR,106.75,4,101.0,112.0,107.0,107.0,
107,Travis Hunter,WR,JAX,107.5,4,99.0,137.0,97.0,97.0,
108,Jakobi Meyers,WR,JAX,110.75,4,106.0,107.0,115.0,115.0,
109,Quentin Johnston,WR,LAC,112.0,4,120.0,110.0,109.0,109.0,
110,Rico Dowdle,RB,PIT,112.75,4,115.0,102.0,117.0,117.0,
111,Isaiah Likely,TE,NYG,113.75,4,138.0,89.0,114.0,114.0,
112,Eli Stowers,TE,PHI,114.0,4,137.0,83.0,118.0,118.0,
113,Josh Downs,WR,IND,114.25,4,123.0,80.0,127.0,127.0,
114,Zach Charbonnet,RB,SEA,114.25,4,128.0,127.0,101.0,101.0,
115,Xavier Worthy,WR,KC,114.75,4,116.0,111.0,116.0,116.0,
116,Rhamondre Stevenson,RB,NE,116.25,4,114.0,109.0,121.0,121.0,
117,Baker Mayfield,QB,TB,117.25,4,174.0,105.0,95.0,95.0,
118,Brenton Strange,TE,JAX,117.75,4,170.0,113.0,94.0,94.0,
119,Chris Bell,WR,MIA,118.0,4,112.0,122.0,119.0,119.0,
120,Blake Corum,RB,LAR,118.25,4,132.0,117.0,112.0,112.0,
121,Jonathon Brooks,RB,CAR,118.5,4,118.0,74.0,141.0,141.0,
122,Germie Bernard,WR,PIT,118.75,4,97.0,134.0,122.0,122.0,
123,Chris Godwin Jr.,WR,TB,120.0,4,126.0,94.0,130.0,130.0,
124,Kenneth Gainwell,RB,TB,122.0,4,117.0,99.0,136.0,136.0,
125,Romeo Doubs,WR,NE,122.25,4,125.0,124.0,120.0,120.0,
126,Khalil Shakir,WR,BUF,127.5,4,121.0,119.0,135.0,135.0,
127,Woody Marks,RB,HOU,128.67,3,122.0,,132.0,132.0,
128,Jayden Reed,WR,GB,129.0,4,152.0,116.0,124.0,124.0,
129,Tyler Allgeier,RB,ARI,130.25,4,147.0,158.0,108.0,108.0,
130,Jalen Coker,WR,CAR,131.0,4,151.0,121.0,126.0,126.0,
131,Jonah Coleman,RB,DEN,131.25,4,141.0,128.0,128.0,128.0,
132,Jalen McMillan,WR,TB,131.5,4,124.0,126.0,138.0,138.0,
133,Chris Brazzell II,WR,CAR,133.33,3,142.0,,129.0,129.0,
134,Tony Pollard,RB,TEN,135.5,4,111.0,125.0,153.0,153.0,
135,Mark Andrews,TE,BAL,137.25,4,130.0,139.0,140.0,140.0,
136,Dallas Goedert,TE,PHI,140.33,3,129.0,,146.0,146.0,
137,Elijah Sarratt,WR,BAL,142.67,3,150.0,,139.0,139.0,
138,Travis Kelce,TE,KC,146.5,4,136.0,140.0,155.0,155.0,
139,Matthew Stafford,QB,LAR,146.75,4,134.0,129.0,162.0,162.0,
140,Jordan Love,QB,GB,148.25,4,131.0,148.0,157.0,157.0,
141,Zachariah Branch,WR,ATL,149.33,3,160.0,,144.0,144.0,
142,Juwan Johnson,TE,NO,150.33,3,189.0,,131.0,131.0,
143,Tre' Harris,WR,LAC,152.33,3,157.0,,150.0,150.0,
144,Trey Benson,RB,ARI,152.33,3,171.0,,143.0,143.0,
145,Rachaad White,RB,WAS,153.5,4,139.0,141.0,167.0,167.0,
146,Terrance Ferguson,TE,LAR,153.5,4,155.0,163.0,148.0,148.0,
147,Malik Willis,QB,MIA,154.0,2,156.0,152.0,,,
148,Jared Goff,QB,DET,154.25,4,168.0,133.0,158.0,158.0,
149,Daniel Jones,QB,IND,154.5,4,119.0,177.0,161.0,161.0,
150,Jordan Mason,RB,MIN,158.25,4,159.0,166.0,154.0,154.0,
151,De'Zhaun Stribling,WR,SF,160.5,4,143.0,131.0,184.0,184.0,
152,Antonio Williams,WR,WAS,161.5,4,161.0,135.0,175.0,175.0,
153,Brian Robinson Jr.,RB,ATL,162.0,4,232.0,,206.0,206.0,4.0
154,Gunnar Helm,TE,TEN,162.75,4,169.0,180.0,151.0,151.0,
155,CJ. Stroud,QB,HOU,163.25,4,265.0,142.0,123.0,123.0,
156,JK. Dobbins,RB,DEN,165.0,4,243.0,151.0,133.0,133.0,
157,Aaron Jones Sr.,RB,MIN,165.5,4,113.0,157.0,196.0,196.0,
158,Jacory Croskey-Merritt,RB,WAS,165.5,4,242.0,146.0,137.0,137.0,
159,Pat Bryant,WR,DEN,165.67,3,179.0,,159.0,159.0,
160,Rashid Shaheed,WR,SEA,165.75,4,190.0,161.0,156.0,156.0,
161,AJ Barner,TE,SEA,167.75,4,249.0,154.0,134.0,134.0,
162,Braelon Allen,RB,NYJ,168.5,4,146.0,188.0,170.0,170.0,
163,Emmett Johnson,RB,KC,168.5,4,227.0,149.0,149.0,149.0,
164,Malachi Fields,WR,NYG,168.67,3,144.0,,181.0,181.0,
165,Tyjae Spears,RB,TEN,169.25,4,149.0,170.0,179.0,179.0,
166,Brandon Aiyuk,WR,SF,170.25,4,253.0,144.0,142.0,142.0,
167,Caleb Douglas,WR,MIA,172.0,1,172.0,,,,
168,Ted Hurst III,WR,TB,172.75,4,175.0,138.0,189.0,189.0,
169,Houston Texans,DST,HOU,173.6,5,170.0,154.8,120.0,103.0,196.0
170,Skyler Bell,WR,BUF,174.5,4,162.0,130.0,203.0,203.0,
171,Isaac TeSlaa,WR,DET,175.0,4,184.0,162.0,177.0,177.0,
172,Baltimore Ravens,DST,BAL,175.06,5,174.0,190.3,148.0,164.0,199.0
173,Hunter Henry,TE,NE,175.33,3,196.0,,165.0,165.0,
174,Troy Franklin,WR,DEN,175.67,3,207.0,,160.0,160.0,
175,Chigoziem Okonkwo,TE,WAS,176.25,4,212.0,155.0,169.0,169.0,
176,Dalton Schultz,TE,HOU,176.67,3,202.0,,164.0,164.0,
177,Seattle Seahawks,DST,SEA,177.33,5,172.0,165.0,123.0,123.0,195.0
178,Mason Taylor,TE,NYJ,177.5,4,274.0,186.0,125.0,125.0,
179,Denver Broncos,DST,DEN,177.57,5,169.0,166.7,134.0,114.0,197.0
180,Los Angeles Rams,DST,LAR,177.77,5,173.0,166.3,115.0,117.0,194.0
181,New England Patriots,DST,NE,178.06,5,177.0,184.3,157.0,159.0,213.0
182,Ja'Kobi Lane,WR,BAL,178.33,3,145.0,,195.0,195.0,
183,Jerry Jeudy,WR,CLE,178.75,4,164.0,199.0,176.0,176.0,
184,Jauan Jennings,WR,MIN,179.0,4,233.0,193.0,145.0,145.0,
185,Sam Darnold,QB,SEA,179.33,3,182.0,,178.0,178.0,
186,TJ. Hockenson,TE,MIN,179.33,3,244.0,,147.0,147.0,
187,Ty Simpson,QB,LAR,180.0,3,194.0,,173.0,173.0,
188,Kyler Murray,QB,MIN,180.75,4,135.0,118.0,235.0,235.0,
189,Dylan Sampson,RB,CLE,181.67,3,185.0,,180.0,180.0,
190,Tank Bigsby,RB,PHI,182.0,4,178.0,174.0,188.0,188.0,
191,Chimere Dike,WR,TEN,182.25,4,201.0,184.0,172.0,172.0,
192,Jaylin Noel,WR,HOU,182.5,4,191.0,153.0,193.0,193.0,
193,Cameron Ward,QB,TEN,182.75,4,102.0,147.0,241.0,241.0,
194,Savion Williams,WR,GB,183.0,1,183.0,,,,
195,Adonai Mitchell,WR,NYJ,183.5,4,197.0,167.0,185.0,185.0,
196,Chris Rodriguez Jr.,RB,JAX,184.5,4,158.0,156.0,212.0,212.0,
197,Pittsburgh Steelers,DST,PIT,184.5,5,171.0,190.5,197.0,163.0,201.0
198,Nicholas Singleton,RB,TEN,184.75,4,226.0,171.0,171.0,171.0,
199,Philadelphia Eagles,DST,PHI,185.1,5,175.0,182.3,130.0,137.0,198.0
200,Jack Bech,WR,LV,185.75,4,153.0,160.0,215.0,215.0,
201,Isiah Pacheco,RB,DET,186.75,4,200.0,165.0,191.0,191.0,
202,Minnesota Vikings,DST,MIN,187.25,4,,190.0,165.0,161.0,233.0
203,Alvin Kamara,RB,NO,188.0,3,148.0,,208.0,208.0,
204,Tai Felton,WR,MIN,188.0,1,188.0,,,,
205,Tyler Shough,QB,NO,189.0,4,103.0,143.0,255.0,255.0,
206,Greg Dulcich,TE,MIA,190.0,2,216.0,164.0,,,
207,Michael Penix Jr.,QB,ATL,191.33,3,270.0,,152.0,152.0,
208,Kayshon Boutte,WR,NE,191.5,4,236.0,194.0,168.0,168.0,
209,Pat Freiermuth,TE,PIT,191.67,3,187.0,,194.0,194.0,
210,Eli Raridon,TE,NE,192.0,1,,192.0,,,
211,Bryce Young,QB,CAR,192.33,3,181.0,,198.0,198.0,
212,James Conner,RB,ARI,192.33,3,173.0,,202.0,202.0,
213,Tyrone Tracy Jr.,RB,NYG,192.33,3,245.0,,166.0,166.0,
214,Mike Washington Jr.,RB,LV,192.5,4,163.0,181.0,213.0,213.0,
215,Elic Ayomanor,WR,TEN,192.75,4,211.0,196.0,182.0,182.0,
216,Nathaniel Dell,WR,HOU,193.5,4,199.0,175.0,200.0,200.0,
217,Tyreek Hill,WR,MIA,194.75,4,220.0,187.0,186.0,186.0,
218,Jalen Nailor,WR,LV,196.0,4,219.0,145.0,210.0,210.0,
219,Kaleb Johnson,RB,PIT,196.0,3,214.0,,187.0,187.0,
220,Kyle T. Williams,WR,NE,196.0,3,186.0,,201.0,201.0,
221,Ollie Gordon II,RB,MIA,196.0,3,154.0,,217.0,217.0,
222,Los Angeles Chargers,DST,LAC,197.1,5,180.0,200.5,211.0,182.0,212.0
223,Tre Tucker,WR,LV,197.5,4,176.0,168.0,223.0,223.0,
224,Deebo Samuel Sr,WR,SF,198.67,3,230.0,,183.0,183.0,
225,Keaton Mitchell,RB,LAC,198.75,4,235.0,150.0,205.0,205.0,
226,Jake Tonges,TE,SF,199.0,3,213.0,,192.0,192.0,
227,Kimani Vidal,RB,LAC,199.33,3,204.0,,197.0,197.0,
228,MarShawn Lloyd,RB,GB,200.0,1,,200.0,,,
229,Theo Johnson,TE,NYG,200.33,3,275.0,,163.0,163.0,
230,Detroit Lions,DST,DET,202.66,5,178.0,251.3,167.0,183.0,234.0
231,David Njoku,TE,LAC,205.0,3,267.0,,174.0,174.0,
232,Jacksonville Jaguars,DST,JAX,205.16,5,254.0,191.8,189.0,175.0,216.0
233,Stefon Diggs,WR,WAS,206.67,3,240.0,,190.0,190.0,
234,Keon Coleman,WR,BUF,207.67,3,209.0,,207.0,207.0,
235,Jordan James,RB,SF,208.5,4,177.0,173.0,242.0,242.0,
236,Elijah Arroyo,TE,SEA,209.33,3,210.0,,209.0,209.0,
237,Tory Horton,WR,SEA,212.25,4,198.0,195.0,228.0,228.0,
238,Sean Tucker,RB,TB,213.5,4,239.0,179.0,218.0,218.0,
239,Michael Mayer,TE,LV,215.25,4,238.0,185.0,219.0,219.0,
240,Cade Otton,TE,TB,218.33,3,257.0,,199.0,199.0,
241,Kansas City Chiefs,DST,KC,218.4,5,179.0,208.0,202.0,210.0,293.0
242,Ray Davis,RB,BUF,219.0,4,234.0,178.0,232.0,232.0,
243,Green Bay Packers,DST,GB,220.56,5,236.0,222.8,221.0,208.0,215.0
244,Max Klare,TE,LAR,221.0,3,223.0,,220.0,220.0,
245,Kaytron Allen,RB,WAS,221.25,4,231.0,182.0,236.0,236.0,
246,Emanuel Wilson,RB,SEA,222.0,3,258.0,,204.0,204.0,
247,Adam Randall,RB,BAL,222.33,3,225.0,,221.0,221.0,
248,Jaylen Wright,RB,MIA,223.33,3,208.0,,231.0,231.0,
249,Malik Washington,WR,MIA,224.0,4,251.0,197.0,224.0,224.0,
250,Calvin Ridley,WR,TEN,224.33,3,165.0,,254.0,254.0,
251,Jaydon Blue,RB,DAL,225.0,3,215.0,,230.0,230.0,
252,Brashard Smith,RB,KC,227.33,3,206.0,,238.0,238.0,
253,Tua Tagovailoa,QB,ATL,229.0,1,229.0,,,,
254,Darnell Mooney,WR,NYG,233.33,3,246.0,,227.0,227.0,
255,Ryan Flournoy,WR,DAL,233.5,4,247.0,183.0,252.0,252.0,
256,Dontayvion Wicks,WR,PHI,234.25,4,256.0,159.0,261.0,261.0,
257,Bryce Lance,WR,NO,235.0,4,195.0,169.0,288.0,288.0,
258,Kaelon Black,RB,SF,235.33,3,166.0,,270.0,270.0,
259,Aaron Rodgers,QB,PIT,236.33,3,259.0,,225.0,225.0,
260,Justice Hill,RB,BAL,237.0,1,237.0,,,,
261,LeQuint Allen Jr.,RB,JAX,237.67,3,193.0,,260.0,260.0,
262,Colby Parkinson,TE,LAR,238.33,3,271.0,,222.0,222.0,
263,Ja'Tavion Sanders,TE,CAR,239.0,3,221.0,,248.0,248.0,
264,Rashod Bateman,WR,BAL,239.33,3,192.0,,263.0,263.0,
265,Brenen Thompson,WR,LAC,239.67,3,287.0,,216.0,216.0,
266,Demond Claiborne,RB,MIN,241.5,4,250.0,198.0,259.0,259.0,
267,Devin Neal,RB,NO,242.33,3,305.0,,211.0,211.0,
268,Jalen Milroe,QB,SEA,244.0,3,304.0,,214.0,214.0,
269,Oscar Delp,TE,NO,244.0,4,297.0,191.0,244.0,244.0,
270,DJ Giddens,RB,IND,244.33,3,255.0,,239.0,239.0,
271,Cleveland Browns,DST,CLE,245.24,5,176.0,326.2,288.0,198.0,238.0
272,Buffalo Bills,DST,BUF,245.45,4,,238.8,250.0,199.0,294.0
273,CJ Daniels,WR,LAR,248.0,3,292.0,,226.0,226.0,
274,Evan Engram,TE,DEN,248.67,3,266.0,,240.0,240.0,
275,Dont'e Thornton Jr.,WR,LV,249.0,3,217.0,,265.0,265.0,
276,Xavier Legette,WR,CAR,249.33,3,248.0,,250.0,250.0,
277,Kevin Coleman Jr.,WR,MIA,250.0,3,284.0,,233.0,233.0,
278,Isaiah Bond,WR,CLE,251.33,3,286.0,,234.0,234.0,
279,San Francisco 49ers,DST,SF,252.05,4,297.0,256.2,233.0,222.0,
280,Kirk Cousins,QB,LV,253.67,3,269.0,,246.0,246.0,
281,JJ. McCarthy,QB,MIN,254.33,3,273.0,,245.0,245.0,
282,Tez Johnson,WR,TB,254.33,3,289.0,,237.0,237.0,
283,Carson Beck,QB,ARI,255.33,3,228.0,,269.0,269.0,
284,Mike Gesicki,TE,CIN,256.0,3,222.0,,273.0,273.0,
285,Marvin Mims Jr.,WR,DEN,256.67,3,264.0,,253.0,253.0,
286,Darnell Washington,TE,PIT,257.0,4,272.0,190.0,283.0,283.0,
287,Michael Trigg,TE,DAL,257.33,3,314.0,,229.0,229.0,
288,Devaughn Vele,WR,NO,259.0,3,283.0,,247.0,247.0,
289,Chicago Bears,DST,CHI,262.93,4,286.0,312.7,229.0,224.0,
290,J'Mari Taylor,RB,JAX,264.0,2,,,264.0,264.0,
291,Isaiah Davis,RB,NYJ,266.0,3,254.0,,272.0,272.0,
292,Ben Sinnott,TE,WAS,266.67,3,288.0,,256.0,256.0,
293,Trevor Etienne,RB,CAR,266.67,3,218.0,,291.0,291.0,
294,Atlanta Falcons,DST,ATL,267.77,3,,310.3,256.0,237.0,
295,Indianapolis Colts,DST,IND,267.95,4,255.0,304.8,237.0,275.0,
296,Will Howard,QB,PIT,269.33,3,306.0,,251.0,251.0,
297,Hollywood Brown,WR,PHI,269.67,3,285.0,,262.0,262.0,
298,Deshaun Watson,QB,CLE,270.0,3,260.0,,275.0,275.0,
299,Christian Kirk,WR,SF,270.67,3,296.0,,258.0,258.0,
300,Cole Kmet,TE,CHI,271.0,3,277.0,,268.0,268.0,
301,Najee Harris,RB,LAC,271.67,3,317.0,,249.0,249.0,
302,Tyquan Thornton,WR,KC,271.67,3,261.0,,277.0,277.0,
303,Kendre Miller,RB,NO,273.0,3,263.0,,278.0,278.0,
304,Cooper Kupp,WR,SEA,273.33,3,252.0,,284.0,284.0,
305,Jahan Dotson,WR,ATL,274.0,3,262.0,,280.0,280.0,
306,Jamarion Miller,RB,NE,274.67,3,310.0,,257.0,257.0,
307,Noah Gray,TE,KC,274.67,3,276.0,,274.0,274.0,
308,Tampa Bay Buccaneers,DST,TB,275.1,5,235.0,331.5,262.0,252.0,295.0
309,Shedeur Sanders,QB,CLE,275.33,3,268.0,,279.0,279.0,
310,Deion Burks,WR,IND,279.67,3,307.0,,266.0,266.0,
311,Quinn Ewers,QB,MIA,281.0,3,301.0,,271.0,271.0,
312,Washington Commanders,DST,WAS,282.0,1,,,,282.0,
313,Joe Mixon,RB,,283.0,3,315.0,,267.0,267.0,
314,Cedric Tillman,WR,CLE,284.0,3,300.0,,276.0,276.0,
315,Jalen Royals,WR,KC,284.33,3,291.0,,281.0,281.0,
316,Marlin Klein,TE,HOU,284.67,3,224.0,,315.0,315.0,
317,New York Giants,DST,NYG,284.95,4,,321.8,206.0,220.0,392.0
318,Dallas Cowboys,DST,DAL,285.2,4,,332.8,225.0,221.0,362.0
319,Roman Hemby,RB,LV,286.0,2,,,286.0,286.0,
320,DeMario Douglas,WR,NE,286.67,3,282.0,,289.0,289.0,
321,New Orleans Saints,DST,NO,287.12,4,299.0,313.5,283.0,253.0,
322,Marcus Mariota,QB,WAS,288.67,3,280.0,,293.0,293.0,
323,Noah Thomas,WR,CIN,290.0,2,,,290.0,290.0,
324,Eli Heidenreich,RB,PIT,291.67,3,311.0,,282.0,282.0,
325,Dane Key,WR,DEN,292.0,2,,,292.0,292.0,
326,Anthony Richardson Sr.,QB,IND,292.33,3,279.0,,299.0,299.0,
327,Miami Dolphins,DST,MIA,292.5,2,,,297.0,288.0,
328,Carolina Panthers,DST,CAR,292.57,4,300.0,334.3,273.0,263.0,
329,Jack Endries,TE,CIN,292.67,3,308.0,,285.0,285.0,
330,Arizona Cardinals,DST,ARI,293.0,2,,,292.0,294.0,
331,Riley Leonard,QB,IND,294.33,3,295.0,,294.0,294.0,
332,Trebor Pena,WR,JAX,295.0,2,,,295.0,295.0,
333,Cincinnati Bengals,DST,CIN,295.55,4,285.0,347.2,279.0,271.0,
334,Aaron Anderson,WR,CLE,296.0,2,,,296.0,296.0,
335,Keenan Allen,WR,LAC,296.67,3,316.0,,287.0,287.0,
336,Eric McAlister,WR,,297.0,2,,,297.0,297.0,
337,Justin Joly,TE,DEN,297.67,3,293.0,,300.0,300.0,
338,Drew Allar,QB,PIT,298.67,3,294.0,,301.0,301.0,
339,Jameis Winston,QB,NYG,300.0,3,278.0,,311.0,311.0,
340,Josh Cameron,WR,JAX,302.0,3,302.0,,302.0,302.0,
341,Nate Boerkircher,TE,JAX,302.0,3,290.0,,308.0,308.0,
342,Garrett Nussmeier,QB,KC,302.67,3,312.0,,298.0,298.0,
343,Eric Rivers Jr,WR,TB,303.0,2,,,303.0,303.0,
344,Lake McRee,TE,PIT,304.0,2,,,304.0,304.0,
345,Cade Klubnik,QB,NYJ,304.33,3,299.0,,307.0,307.0,
346,Tyson Bagent,QB,CHI,305.0,3,281.0,,317.0,317.0,
347,Sam Roush,TE,CHI,305.33,3,298.0,,309.0,309.0,
348,Tennessee Titans,DST,TEN,305.6,3,,349.8,291.0,276.0,
349,Davon Booth,RB,CLE,306.0,2,,,306.0,306.0,
350,Bauer Sharp,TE,TB,306.33,3,309.0,,305.0,305.0,
351,Las Vegas Raiders,DST,LV,306.93,3,,357.8,293.0,270.0,
352,Joe Milton III,QB,DAL,309.67,3,303.0,,313.0,313.0,
353,Lance Mason,TE,PIT,310.0,2,,,310.0,310.0,
354,Emmanuel Henderson Jr.,WR,SEA,315.0,3,313.0,,316.0,316.0,
355,New York Jets,DST,NYJ,316.93,4,298.0,357.7,294.0,318.0,
356,DT Sheffield,WR,NYJ,318.0,2,,,318.0,318.0,
357,DJ Rogers,TE,DAL,319.0,2,,,319.0,319.0,
