Rank,Player,Pos,Team,Avg ADP,# Sites,ESPN,CBS,Yahoo,Sleeper,FantasyPros,PFF,Underdog,RTSports,Fantrax,DraftSharks
1,Jahmyr Gibbs,RB,DET,1.18,10,1.0,1.46,1.3,1.0,1.0,1.0,2.0,1.0,1.0,1.0
2,Bijan Robinson,RB,ATL,2.01,9,2.0,1.83,3.3,2.0,2.0,,1.0,2.0,2.0,2.0
3,Ja'Marr Chase,WR,CIN,3.54,10,4.0,4.11,2.3,3.0,3.0,4.0,6.0,3.0,3.0,3.0
4,Puka Nacua,WR,LAR,3.8,10,3.0,4.51,3.5,4.0,4.0,3.0,4.0,4.0,4.0,4.0
5,Christian McCaffrey,RB,SF,5.35,10,6.0,7.0,6.5,5.0,5.0,6.0,3.0,5.0,5.0,5.0
6,Jaxon Smith-Njigba,WR,SEA,5.7,10,5.0,6.2,5.8,6.0,6.0,5.0,5.0,6.0,6.0,6.0
7,Jonathan Taylor,RB,IND,7.24,10,7.0,5.63,10.8,7.0,7.0,7.0,7.0,7.0,7.0,7.0
8,Amon-Ra St. Brown,WR,DET,8.0,10,8.0,8.77,5.2,8.0,8.0,9.0,8.0,9.0,8.0,8.0
9,Justin Jefferson,WR,MIN,11.23,10,11.0,16.26,10.0,10.0,13.0,8.0,10.0,12.0,11.0,11.0
10,CeeDee Lamb,WR,DAL,11.24,10,9.0,14.89,8.5,9.0,12.0,10.0,9.0,16.0,12.0,12.0
11,James Cook III,RB,BUF,11.84,10,12.0,12.17,16.2,12.0,9.0,12.0,15.0,10.0,10.0,10.0
12,Ashton Jeanty,RB,LV,12.28,10,15.0,13.06,16.7,14.0,11.0,13.0,14.0,8.0,9.0,9.0
13,De'Von Achane,RB,MIA,12.83,10,10.0,11.0,20.3,11.0,10.0,11.0,18.0,11.0,13.0,13.0
14,Saquon Barkley,RB,PHI,15.39,10,19.0,14.91,16.0,15.0,14.0,16.0,12.0,15.0,16.0,16.0
15,Chase Brown,RB,CIN,15.6,10,21.0,13.29,16.7,18.0,15.0,14.0,17.0,13.0,14.0,14.0
16,Drake London,WR,ATL,16.8,10,14.0,16.71,14.3,13.0,16.0,17.0,22.0,18.0,20.0,17.0
17,Omarion Hampton,RB,LAC,17.62,10,18.0,17.0,24.2,17.0,17.0,19.0,20.0,14.0,15.0,15.0
18,Kenneth Walker III,RB,KC,19.98,10,22.0,23.31,18.5,23.0,20.0,15.0,23.0,17.0,19.0,19.0
19,AJ. Brown,WR,NE,20.4,10,27.0,23.49,21.5,19.0,21.0,18.0,19.0,19.0,18.0,18.0
20,Brock Bowers,TE,LV,21.13,10,24.0,27.03,15.3,21.0,22.0,29.0,13.0,23.0,17.0,20.0
21,Derrick Henry,RB,BAL,21.27,10,20.0,15.51,28.2,25.0,18.0,22.0,21.0,20.0,21.0,22.0
22,Trey McBride,TE,ARI,22.27,10,17.0,26.97,25.7,16.0,19.0,27.0,26.0,21.0,23.0,21.0
23,George Pickens,WR,DAL,24.07,10,29.0,21.97,19.7,24.0,23.0,28.0,24.0,24.0,24.0,23.0
24,Nico Collins,WR,HOU,24.41,10,25.0,25.91,18.2,26.0,26.0,20.0,29.0,27.0,22.0,25.0
25,Jeremiyah Love,RB,ARI,25.23,10,13.0,31.09,34.2,20.0,24.0,24.0,30.0,22.0,30.0,24.0
26,Rashee Rice,WR,KC,26.07,10,16.0,22.37,32.3,22.0,25.0,32.0,27.0,32.0,26.0,26.0
27,Josh Allen,QB,BUF,27.42,10,36.0,21.94,31.3,30.0,27.0,30.0,11.0,26.0,33.0,28.0
28,Chris Olave,WR,NO,28.2,10,28.0,27.77,25.2,27.0,28.0,26.0,37.0,28.0,28.0,27.0
29,Josh Jacobs,RB,GB,30.29,10,23.0,24.09,43.8,29.0,29.0,23.0,34.0,25.0,40.0,32.0
30,Kyren Williams,RB,LAR,30.59,10,37.0,27.06,39.8,31.0,31.0,21.0,33.0,30.0,27.0,29.0
31,Malik Nabers,WR,NYG,30.98,10,32.0,35.29,24.5,28.0,30.0,40.0,31.0,34.0,25.0,30.0
32,DeVonta Smith,WR,PHI,31.97,10,35.0,38.0,20.7,44.0,34.0,25.0,25.0,35.0,29.0,34.0
33,Breece Hall,RB,NYJ,32.51,10,30.0,30.89,37.2,32.0,32.0,35.0,32.0,33.0,32.0,31.0
34,Zay Flowers,WR,BAL,35.76,10,34.0,37.57,28.0,43.0,36.0,31.0,38.0,40.0,34.0,36.0
35,Javonte Williams,RB,DAL,35.91,10,31.0,35.94,44.2,38.0,33.0,36.0,48.0,29.0,31.0,33.0
36,Emeka Egbuka,WR,TB,38.17,10,42.0,38.0,38.7,45.0,38.0,39.0,28.0,37.0,38.0,38.0
37,Garrett Wilson,WR,NYJ,38.57,10,26.0,46.23,34.5,39.0,39.0,33.0,45.0,44.0,39.0,40.0
38,Tetairoa McMillan,WR,CAR,38.98,10,33.0,45.51,36.3,36.0,40.0,37.0,44.0,45.0,36.0,37.0
39,Tee Higgins,WR,CIN,39.08,10,46.0,38.51,29.3,34.0,41.0,42.0,35.0,49.0,37.0,39.0
40,Travis Etienne Jr.,RB,NO,40.25,10,38.0,40.97,47.5,35.0,37.0,54.0,42.0,38.0,35.0,35.0
41,Cameron Skattebo,RB,NYG,41.13,10,39.0,32.77,51.5,49.0,35.0,44.0,47.0,31.0,41.0,41.0
42,Colston Loveland,TE,CHI,43.44,10,49.0,45.2,33.2,41.0,43.0,47.0,41.0,50.0,42.0,43.0
43,Ladd McConkey,WR,LAC,43.61,10,44.0,48.91,36.2,42.0,46.0,34.0,36.0,48.0,56.0,45.0
44,Lamar Jackson,QB,BAL,43.81,10,56.0,40.94,41.2,37.0,42.0,58.0,16.0,53.0,47.0,47.0
45,Jaylen Waddle,WR,DEN,45.75,10,47.0,55.49,30.0,46.0,48.0,49.0,39.0,54.0,43.0,46.0
46,Luther Burden III,WR,CHI,45.8,10,53.0,53.83,44.2,40.0,47.0,38.0,52.0,43.0,45.0,42.0
47,Bucky Irving,RB,TB,46.45,10,41.0,41.17,59.3,33.0,44.0,45.0,60.0,39.0,58.0,44.0
48,Quinshon Judkins,RB,CLE,47.57,10,40.0,45.37,57.3,53.0,45.0,41.0,59.0,36.0,50.0,49.0
49,Terry McLaurin,WR,WAS,49.78,10,45.0,50.03,44.8,55.0,53.0,43.0,49.0,55.0,51.0,52.0
50,Davante Adams,WR,LAR,51.12,10,43.0,58.74,56.5,47.0,49.0,55.0,46.0,59.0,46.0,51.0
51,D'Andre Swift,RB,CHI,52.59,10,61.0,41.66,49.2,64.0,55.0,46.0,53.0,52.0,48.0,56.0
52,Drake Maye,QB,NE,52.8,10,57.0,49.24,53.8,51.0,52.0,48.0,40.0,65.0,55.0,57.0
53,Jameson Williams,WR,DET,53.69,10,48.0,60.6,54.3,52.0,58.0,50.0,50.0,58.0,53.0,53.0
54,David Montgomery,RB,HOU,53.85,10,62.0,59.71,57.8,54.0,54.0,53.0,57.0,42.0,49.0,50.0
55,TreVeyon Henderson,RB,NE,54.67,10,59.0,56.94,68.8,48.0,50.0,71.0,54.0,47.0,44.0,48.0
56,DJ. Moore,WR,BUF,54.84,10,54.0,63.17,50.2,58.0,57.0,51.0,62.0,41.0,57.0,55.0
57,Tyler Warren,TE,IND,55.57,10,50.0,56.17,52.5,50.0,51.0,70.0,63.0,57.0,52.0,54.0
58,Bhayshul Tuten,RB,JAX,58.82,10,60.0,56.17,59.0,59.0,59.0,73.0,55.0,46.0,61.0,60.0
59,Joe Burrow,QB,CIN,59.07,10,74.0,53.68,52.0,56.0,56.0,62.0,65.0,60.0,54.0,58.0
60,Jayden Daniels,QB,WAS,59.2,10,55.0,61.0,55.0,60.0,60.0,60.0,43.0,70.0,65.0,63.0
61,Rome Odunze,WR,CHI,59.75,10,52.0,65.2,53.3,63.0,62.0,59.0,56.0,63.0,63.0,61.0
62,Mike Evans,WR,SF,59.91,10,76.0,62.94,52.2,57.0,61.0,64.0,51.0,56.0,60.0,59.0
63,Christian Watson,WR,GB,64.67,10,78.0,71.71,54.0,68.0,68.0,52.0,66.0,68.0,59.0,62.0
64,Jalen Hurts,QB,PHI,66.16,10,58.0,71.82,65.8,65.0,64.0,57.0,68.0,75.0,68.0,69.0
65,Carnell Tate,WR,TEN,66.32,10,51.0,82.88,76.3,62.0,66.0,61.0,58.0,77.0,64.0,65.0
66,Jadarian Price,RB,SEA,67.08,10,63.0,62.57,70.2,80.0,63.0,88.0,67.0,51.0,62.0,64.0
67,Brian Thomas Jr.,WR,JAX,71.47,10,81.0,81.4,76.3,70.0,75.0,65.0,61.0,73.0,66.0,66.0
68,Harold Fannin Jr.,TE,CLE,71.88,10,72.0,79.54,79.3,61.0,65.0,74.0,86.0,61.0,73.0,68.0
69,Marvin Harrison Jr.,WR,ARI,73.04,10,68.0,74.17,68.2,75.0,69.0,85.0,72.0,79.0,69.0,71.0
70,Jaylen Warren,RB,PIT,74.5,10,95.0,78.49,76.5,73.0,71.0,75.0,74.0,64.0,71.0,67.0
71,Tony Pollard,RB,TEN,75.34,10,64.0,75.63,86.8,87.0,72.0,63.0,87.0,67.0,75.0,76.0
72,Parker Washington,WR,JAX,75.44,10,77.0,85.91,55.5,84.0,84.0,56.0,69.0,86.0,78.0,79.0
73,Tucker Kraft,TE,GB,75.71,10,102.0,77.91,73.2,66.0,74.0,69.0,71.0,80.0,72.0,72.0
74,Sam LaPorta,TE,DET,75.87,10,73.0,71.03,74.7,76.0,70.0,72.0,64.0,90.0,85.0,83.0
75,Kyle Pitts Sr.,TE,ATL,76.05,10,71.0,69.74,80.8,71.0,67.0,79.0,91.0,78.0,79.0,74.0
76,DK. Metcalf,WR,PIT,76.81,10,69.0,87.8,81.3,72.0,76.0,67.0,78.0,87.0,77.0,73.0
77,Rhamondre Stevenson,RB,NE,80.22,10,96.0,84.49,72.7,82.0,83.0,68.0,81.0,71.0,83.0,81.0
78,Caleb Williams,QB,CHI,81.11,10,87.0,90.88,72.2,83.0,81.0,90.0,70.0,93.0,67.0,77.0
79,Courtland Sutton,WR,DEN,81.22,10,65.0,77.49,98.7,78.0,73.0,94.0,95.0,82.0,74.0,75.0
80,Jordyn Tyson,WR,NO,81.59,10,70.0,98.06,82.8,69.0,85.0,80.0,73.0,97.0,81.0,80.0
81,Alec Pierce,WR,IND,82.08,10,67.0,65.8,99.0,85.0,79.0,81.0,82.0,95.0,82.0,85.0
82,Rico Dowdle,RB,PIT,82.48,10,97.0,71.97,87.8,89.0,80.0,66.0,96.0,66.0,87.0,84.0
83,RJ Harvey,RB,DEN,83.77,10,108.0,81.03,96.7,67.0,77.0,109.0,97.0,62.0,70.0,70.0
84,Dak Prescott,QB,DAL,84.24,10,83.0,65.62,83.8,91.0,78.0,96.0,88.0,94.0,76.0,87.0
85,Justin Herbert,QB,LAC,84.42,10,93.0,87.73,72.5,86.0,88.0,76.0,76.0,99.0,80.0,86.0
86,Chuba Hubbard,RB,CAR,84.58,10,99.0,78.6,95.2,74.0,82.0,97.0,75.0,81.0,86.0,78.0
87,Michael Wilson,WR,ARI,87.0,10,80.0,104.34,88.7,79.0,87.0,82.0,101.0,69.0,97.0,82.0
88,Trevor Lawrence,QB,JAX,88.46,10,82.0,98.76,81.8,92.0,89.0,77.0,84.0,96.0,93.0,91.0
89,Makai Lemon,WR,PHI,93.0,10,90.0,109.0,111.0,77.0,94.0,89.0,77.0,103.0,90.0,90.0
90,JK. Dobbins,RB,DEN,93.24,10,107.0,92.69,93.7,93.0,90.0,95.0,98.0,76.0,95.0,92.0
91,Jaxson Dart,QB,NYG,93.76,10,75.0,86.88,98.7,81.0,86.0,111.0,105.0,102.0,99.0,93.0
92,Chris Godwin Jr.,WR,TB,94.81,10,127.0,95.8,82.3,94.0,96.0,104.0,92.0,84.0,84.0,89.0
93,Michael Pittman Jr.,WR,PIT,95.6,10,66.0,107.35,96.7,102.0,95.0,98.0,99.0,101.0,96.0,95.0
94,Kyle Monangai,RB,CHI,96.93,10,115.0,100.53,107.8,90.0,92.0,114.0,94.0,74.0,94.0,88.0
95,Wan'Dale Robinson,WR,TEN,97.88,10,89.0,91.97,116.8,103.0,91.0,102.0,115.0,72.0,104.0,94.0
96,George Kittle,TE,SF,98.19,10,101.0,91.12,90.8,97.0,93.0,78.0,121.0,109.0,101.0,100.0
97,Quentin Johnston,WR,LAC,98.8,10,124.0,97.34,97.7,101.0,105.0,86.0,79.0,110.0,91.0,97.0
98,Josh Downs,WR,IND,99.87,10,91.0,104.49,77.2,125.0,111.0,83.0,89.0,104.0,106.0,108.0
99,Kenneth Gainwell,RB,TB,99.97,10,98.0,99.86,104.8,107.0,99.0,105.0,93.0,91.0,103.0,99.0
100,Blake Corum,RB,LAR,100.73,10,121.0,106.26,108.0,98.0,104.0,99.0,85.0,92.0,98.0,96.0
101,Jakobi Meyers,WR,JAX,101.26,10,88.0,95.89,117.7,88.0,98.0,106.0,107.0,106.0,108.0,98.0
102,Jonathon Brooks,RB,CAR,101.51,10,106.0,104.26,78.8,142.0,107.0,91.0,112.0,83.0,89.0,102.0
103,Brock Purdy,QB,SF,102.6,10,85.0,101.21,95.8,104.0,102.0,84.0,120.0,123.0,105.0,106.0
104,Travis Kelce,TE,KC,103.8,10,104.0,101.32,108.7,108.0,100.0,92.0,102.0,100.0,115.0,107.0
105,Patrick Mahomes II,QB,KC,104.35,10,94.0,103.71,114.8,99.0,101.0,112.0,100.0,116.0,100.0,103.0
106,Jordan Addison,WR,MIN,105.1,10,92.0,113.47,100.5,100.0,108.0,138.0,80.0,107.0,107.0,105.0
107,Rachaad White,RB,WAS,105.36,10,105.0,112.26,104.3,128.0,106.0,116.0,104.0,89.0,88.0,101.0
108,Matthew Stafford,QB,LAR,105.75,10,86.0,101.85,113.7,113.0,97.0,113.0,116.0,121.0,92.0,104.0
109,Jayden Reed,WR,GB,110.57,10,113.0,118.93,100.8,116.0,118.0,117.0,90.0,111.0,111.0,110.0
110,Isaiah Likely,TE,NYG,111.35,10,117.0,97.34,121.2,117.0,109.0,103.0,117.0,88.0,130.0,114.0
111,Aaron Jones Sr.,RB,MIN,111.43,10,100.0,106.34,124.0,109.0,110.0,107.0,126.0,105.0,114.0,113.0
112,Bo Nix,QB,DEN,111.8,10,84.0,133.71,102.3,119.0,115.0,110.0,106.0,120.0,113.0,115.0
113,Jordan Mason,RB,MIN,113.87,10,137.0,110.17,112.5,131.0,120.0,101.0,119.0,85.0,112.0,111.0
114,Jacory Croskey-Merritt,RB,WAS,114.51,10,120.0,105.43,106.7,112.0,116.0,129.0,129.0,98.0,117.0,112.0
115,Jake Ferguson,TE,DAL,115.53,10,109.0,126.15,136.2,105.0,113.0,120.0,110.0,118.0,109.0,109.0
116,Dalton Kincaid,TE,BUF,117.52,10,118.0,132.44,104.8,96.0,125.0,93.0,130.0,131.0,128.0,117.0
117,Dallas Goedert,TE,PHI,118.68,10,103.0,88.03,115.8,110.0,112.0,127.0,140.0,148.0,123.0,120.0
118,Jared Goff,QB,DET,119.21,10,135.0,120.33,117.8,121.0,121.0,119.0,113.0,119.0,110.0,116.0
119,Xavier Worthy,WR,KC,119.51,10,114.0,121.56,131.5,137.0,127.0,87.0,103.0,128.0,125.0,121.0
120,Mark Andrews,TE,BAL,120.71,10,110.0,127.59,125.5,111.0,122.0,100.0,134.0,124.0,134.0,119.0
121,Matthew Golden,WR,GB,121.09,10,79.0,131.36,110.5,136.0,124.0,139.0,108.0,137.0,124.0,122.0
122,Romeo Doubs,WR,NE,122.2,10,128.0,131.25,128.7,114.0,126.0,147.0,83.0,127.0,119.0,118.0
123,KC Concepcion,WR,CLE,125.33,10,125.0,124.57,113.7,149.0,129.0,121.0,118.0,133.0,116.0,124.0
124,Kyler Murray,QB,MIN,126.71,10,133.0,136.37,109.7,147.0,134.0,108.0,111.0,141.0,118.0,129.0
125,Jayden Higgins,WR,HOU,128.84,10,129.0,133.59,120.8,132.0,133.0,118.0,128.0,151.0,120.0,123.0
126,Zach Charbonnet,RB,SEA,131.09,10,123.0,127.42,140.5,126.0,128.0,125.0,153.0,115.0,147.0,126.0
127,Woody Marks,RB,HOU,131.93,10,122.0,138.83,146.5,144.0,131.0,137.0,124.0,108.0,141.0,127.0
128,Stefon Diggs,WR,WAS,132.27,10,202.0,123.0,132.7,116.0,113.0,186.0,127.0,109.0,81.0,133.0
129,Khalil Shakir,WR,BUF,133.49,10,112.0,128.07,145.8,135.0,130.0,143.0,123.0,153.0,133.0,132.0
130,Chris Rodriguez Jr.,RB,JAX,134.49,10,140.0,129.1,125.8,146.0,144.0,123.0,131.0,134.0,135.0,137.0
131,Baker Mayfield,QB,TB,134.8,10,149.0,131.72,132.3,143.0,132.0,132.0,139.0,138.0,126.0,125.0
132,Tyrone Tracy Jr.,RB,NYG,135.26,10,155.0,121.06,143.5,152.0,135.0,131.0,135.0,113.0,136.0,131.0
133,Jalen Coker,WR,CAR,136.62,10,130.0,138.46,123.7,139.0,138.0,159.0,125.0,152.0,127.0,134.0
134,Deebo Samuel Sr.,WR,SF,137.29,10,126.0,125.44,146.5,171.0,136.0,135.0,109.0,139.0,139.0,146.0
135,Rashid Shaheed,WR,SEA,137.88,10,132.0,137.07,140.7,162.0,140.0,126.0,136.0,125.0,142.0,138.0
136,Tyler Shough,QB,NO,139.72,10,134.0,146.05,140.2,150.0,142.0,144.0,132.0,144.0,129.0,136.0
137,Jordan Love,QB,GB,140.8,10,198.0,150.65,131.3,124.0,143.0,134.0,114.0,161.0,122.0,130.0
138,Tyler Allgeier,RB,ARI,142.68,10,157.0,143.0,146.8,133.0,149.0,128.0,163.0,132.0,140.0,135.0
139,Alvin Kamara,RB,NO,145.27,10,138.0,130.46,164.2,163.0,139.0,161.0,141.0,117.0,155.0,144.0
140,Malik Willis,QB,MIA,145.45,10,150.0,146.22,129.3,141.0,156.0,136.0,148.0,168.0,137.0,143.0
141,Tyjae Spears,RB,TEN,146.45,10,166.0,138.82,140.7,160.0,152.0,141.0,155.0,122.0,148.0,141.0
142,Juwan Johnson,TE,NO,146.55,10,160.0,147.7,150.8,138.0,148.0,148.0,149.0,130.0,154.0,140.0
143,Hunter Henry,TE,NE,147.61,10,119.0,151.11,171.0,106.0,153.0,130.0,144.0,169.0,186.0,147.0
144,Keaton Mitchell,RB,LAC,150.6,9,168.0,143.58,127.8,172.0,180.0,,122.0,136.0,153.0,153.0
145,Isiah Pacheco,RB,DET,150.96,10,139.0,135.62,174.0,177.0,147.0,140.0,167.0,129.0,149.0,152.0
146,Brenton Strange,TE,JAX,151.32,10,194.0,138.48,163.7,129.0,151.0,122.0,156.0,167.0,150.0,142.0
147,Chigoziem Okonkwo,TE,WAS,154.21,10,216.0,151.88,148.2,153.0,157.0,115.0,146.0,149.0,157.0,149.0
148,Brian Robinson Jr.,RB,ATL,154.94,9,141.0,157.18,166.3,122.0,158.0,,178.0,156.0,166.0,150.0
149,Kenyon Sadiq,TE,NYJ,155.2,10,116.0,157.71,214.3,118.0,150.0,146.0,158.0,165.0,176.0,151.0
150,TJ. Hockenson,TE,MIN,157.72,10,111.0,154.5,192.7,145.0,155.0,151.0,175.0,171.0,161.0,161.0
151,Denzel Boston,WR,CLE,158.56,10,145.0,151.42,144.2,155.0,165.0,152.0,159.0,195.0,160.0,159.0
152,Jalen Nailor,WR,LV,159.21,9,161.0,141.71,160.2,176.0,168.0,,142.0,159.0,163.0,162.0
153,Jalen McMillan,WR,TB,160.14,10,143.0,148.89,161.5,170.0,162.0,160.0,160.0,179.0,159.0,158.0
154,De'Zhaun Stribling,WR,SF,160.55,10,148.0,168.73,106.8,219.0,174.0,172.0,151.0,150.0,146.0,170.0
155,Tank Bigsby,RB,PHI,162.29,10,142.0,161.06,143.8,201.0,170.0,150.0,171.0,155.0,164.0,165.0
156,Seattle Seahawks,DST,SEA,164.6,9,172.0,115.35,165.0,123.0,123.0,195.0,,146.0,138.0,145.0
157,Jonah Coleman,RB,DEN,165.45,9,212.0,150.06,152.0,151.0,185.0,,172.0,140.0,173.0,154.0
158,Dylan Sampson,RB,CLE,165.77,9,158.0,149.27,164.7,175.0,189.0,,176.0,160.0,156.0,164.0
159,Omar Cooper Jr.,WR,NYJ,166.67,9,162.0,142.81,217.2,156.0,172.0,,145.0,190.0,152.0,163.0
160,Jauan Jennings,WR,MIN,166.7,9,164.0,152.59,225.7,154.0,169.0,,152.0,182.0,145.0,156.0
161,Oronde Gadsden II,TE,LAC,166.78,9,258.0,148.0,209.0,95.0,160.0,,137.0,211.0,144.0,139.0
162,Denver Broncos,DST,DEN,168.93,8,169.0,87.09,166.7,134.0,114.0,197.0,,143.0,131.0,
163,Los Angeles Rams,DST,LAR,170.32,9,173.0,121.22,166.3,115.0,117.0,194.0,,135.0,132.0,148.0
164,Jerry Jeudy,WR,CLE,170.77,10,131.0,148.24,229.5,183.0,166.0,165.0,166.0,164.0,187.0,168.0
165,Cameron Dicker,K,LAC,171.44,9,182.0,138.0,189.5,181.0,145.0,200.0,,145.0,174.0,155.0
166,Tre Tucker,WR,LV,173.61,10,153.0,147.33,184.8,227.0,176.0,164.0,147.0,204.0,158.0,175.0
167,Travis Hunter,WR,JAX,174.56,8,146.0,,155.5,166.0,211.0,181.0,138.0,214.0,,185.0
168,Ka'imi Fairbairn,K,HOU,175.0,9,185.0,130.36,182.0,205.0,154.0,209.0,,154.0,151.0,160.0
169,Jason Myers,K,SEA,175.91,9,183.0,119.91,202.3,187.0,146.0,202.0,,163.0,167.0,157.0
170,CJ. Stroud,QB,HOU,176.04,10,200.0,167.64,167.8,169.0,178.0,162.0,161.0,201.0,185.0,169.0
171,New England Patriots,DST,NE,176.81,9,177.0,156.0,184.3,157.0,159.0,213.0,,170.0,177.0,198.0
172,Daniel Jones,QB,IND,177.24,10,136.0,148.16,168.2,210.0,179.0,179.0,154.0,229.0,189.0,180.0
173,Dalton Schultz,TE,HOU,178.03,10,207.0,162.06,200.2,140.0,171.0,154.0,181.0,218.0,180.0,167.0
174,Adonai Mitchell,WR,NYJ,178.48,9,147.0,,157.3,190.0,187.0,156.0,183.0,208.0,199.0,179.0
175,Philadelphia Eagles,DST,PHI,179.88,9,175.0,133.45,182.3,130.0,137.0,198.0,,157.0,162.0,205.0
176,Cam Little,K,JAX,180.29,9,188.0,155.6,196.0,218.0,167.0,206.0,,158.0,168.0,166.0
177,Minnesota Vikings,DST,MIN,181.14,8,,130.05,190.0,165.0,161.0,233.0,,172.0,175.0,172.0
178,Braelon Allen,RB,NYJ,181.53,8,167.0,157.24,208.0,186.0,194.0,,,185.0,179.0,176.0
179,Pittsburgh Steelers,DST,PIT,181.73,9,171.0,152.09,190.5,197.0,163.0,201.0,,191.0,178.0,192.0
180,Brandon Aubrey,K,DAL,181.95,9,181.0,108.27,173.8,180.0,119.0,193.0,,112.0,121.0,128.0
181,AJ Barner,TE,SEA,184.17,9,217.0,,182.5,159.0,195.0,167.0,170.0,205.0,188.0,174.0
182,Cameron Ward,QB,TEN,184.6,10,199.0,168.22,172.8,174.0,186.0,219.0,150.0,212.0,194.0,171.0
183,Baltimore Ravens,DST,BAL,184.62,9,174.0,153.27,190.3,148.0,164.0,199.0,,234.0,182.0,217.0
184,Emmett Johnson,RB,KC,186.78,9,248.0,155.0,170.0,158.0,197.0,,168.0,183.0,229.0,173.0
185,Sam Darnold,QB,SEA,187.37,10,218.0,148.72,165.0,173.0,188.0,155.0,133.0,177.0,327.0,189.0
186,Los Angeles Chargers,DST,LAC,190.55,9,180.0,160.41,200.5,211.0,182.0,212.0,,198.0,183.0,188.0
187,Calvin Ridley,WR,TEN,191.25,10,144.0,164.53,254.0,254.0,184.0,178.0,198.0,147.0,193.0,196.0
188,Jacksonville Jaguars,DST,JAX,191.6,9,254.0,166.59,191.8,189.0,175.0,216.0,,174.0,181.0,177.0
189,Tre' Harris,WR,LAC,192.4,8,203.0,,185.2,209.0,229.0,,143.0,216.0,171.0,183.0
190,Antonio Williams,WR,WAS,192.49,9,152.0,158.72,251.7,178.0,205.0,,164.0,236.0,203.0,184.0
191,James Conner,RB,ARI,192.54,8,195.0,164.79,243.5,161.0,200.0,,,210.0,184.0,182.0
192,Harrison Mevis,K,LAR,192.56,9,184.0,150.71,222.3,194.0,173.0,204.0,,194.0,230.0,181.0
193,Mike Washington Jr.,RB,LV,193.79,8,156.0,,164.3,192.0,232.0,,195.0,181.0,236.0,194.0
194,Nathaniel Dell,WR,HOU,195.31,10,165.0,141.28,244.8,226.0,177.0,242.0,184.0,188.0,190.0,195.0
195,Houston Texans,DST,HOU,195.45,9,170.0,100.87,154.8,120.0,103.0,196.0,,126.0,102.0,261.0
196,Kayshon Boutte,WR,NE,197.34,9,230.0,158.75,255.3,191.0,196.0,,205.0,162.0,200.0,178.0
197,Kimani Vidal,RB,LAC,199.61,9,223.0,167.67,240.8,195.0,203.0,,189.0,200.0,192.0,186.0
198,Tyler Loop,K,BAL,200.04,9,190.0,178.4,210.0,272.0,191.0,203.0,,186.0,169.0,201.0
199,Eddy Pineiro,K,SF,200.14,9,186.0,166.5,204.8,222.0,190.0,208.0,,217.0,208.0,199.0
200,Ray Davis,RB,BUF,200.28,8,154.0,,170.2,228.0,238.0,,193.0,220.0,191.0,208.0
201,Nicholas Singleton,RB,TEN,200.76,9,221.0,169.11,208.7,188.0,209.0,,204.0,173.0,244.0,190.0
202,Jake Bates,K,DET,201.71,9,189.0,150.7,221.7,264.0,181.0,235.0,,180.0,197.0,197.0
203,Malik Washington,WR,MIA,202.08,6,224.0,,219.5,,246.0,,173.0,178.0,172.0,
204,Bryce Young,QB,CAR,202.09,9,219.0,,176.8,208.0,204.0,253.0,162.0,207.0,202.0,187.0
205,Terrance Ferguson,TE,LAR,203.56,8,159.0,,205.5,164.0,226.0,217.0,199.0,,251.0,207.0
206,Detroit Lions,DST,DET,204.24,9,178.0,154.83,251.3,167.0,183.0,234.0,,256.0,212.0,202.0
207,Ryan Flournoy,WR,DAL,205.43,7,204.0,,195.0,253.0,244.0,,169.0,,170.0,203.0
208,Isaac TeSlaa,WR,DET,205.97,8,210.0,,234.8,213.0,234.0,,157.0,243.0,165.0,191.0
209,Justice Hill,RB,BAL,208.24,6,196.0,168.46,288.0,,225.0,,,176.0,196.0,
210,Darnell Mooney,WR,NYG,210.44,9,201.0,162.0,258.0,240.0,215.0,,201.0,202.0,201.0,214.0
211,Cade Otton,TE,TB,211.1,9,260.0,166.91,241.0,168.0,212.0,,188.0,257.0,214.0,193.0
212,Zachariah Branch,WR,ATL,211.78,8,197.0,,250.2,193.0,236.0,,180.0,224.0,210.0,204.0
213,Greg Dulcich,TE,MIA,212.67,8,259.0,142.09,195.3,,227.0,,190.0,241.0,198.0,249.0
214,Jordan James,RB,SF,213.19,7,193.0,146.83,261.5,,231.0,,214.0,227.0,219.0,
215,Pat Freiermuth,TE,PIT,213.9,8,206.0,,244.2,,230.0,168.0,196.0,196.0,209.0,262.0
216,MarShawn Lloyd,RB,GB,216.08,6,242.0,,187.5,,260.0,,194.0,187.0,226.0,
217,Cairo Santos,K,CHI,217.17,9,191.0,165.33,210.2,242.0,202.0,210.0,,258.0,252.0,224.0
218,Sean Tucker,RB,TB,217.71,8,250.0,,230.7,207.0,233.0,,207.0,192.0,216.0,206.0
219,Fernando Mendoza,QB,LV,218.06,9,220.0,,227.5,179.0,216.0,243.0,165.0,237.0,264.0,211.0
220,Tyreek Hill,WR,MIA,218.58,7,,157.73,361.3,185.0,192.0,,,184.0,225.0,225.0
221,Green Bay Packers,DST,GB,219.72,8,236.0,,222.8,221.0,208.0,215.0,,209.0,206.0,240.0
222,Kaytron Allen,RB,WAS,220.15,8,214.0,,243.2,196.0,219.0,,210.0,213.0,254.0,212.0
223,Emanuel Wilson,RB,SEA,220.3,8,266.0,145.22,271.2,220.0,207.0,,,232.0,205.0,216.0
224,Kaelon Black,RB,SF,220.44,6,213.0,158.33,264.3,,239.0,,,189.0,259.0,
225,Rashod Bateman,WR,BAL,220.69,6,163.0,161.11,241.0,263.0,251.0,,,,245.0,
226,Jacoby Brissett,QB,ARI,221.04,8,269.0,,223.3,217.0,218.0,,187.0,222.0,222.0,210.0
227,Will Reichard,K,MIN,221.05,9,192.0,173.64,231.8,223.0,201.0,236.0,,245.0,265.0,222.0
228,Dontayvion Wicks,WR,PHI,222.14,7,252.0,,202.0,,265.0,,177.0,206.0,218.0,235.0
229,Cooper Kupp,WR,SEA,223.24,9,228.0,165.64,261.5,267.0,217.0,248.0,185.0,,211.0,226.0
230,Kansas City Chiefs,DST,KC,224.88,8,179.0,,208.0,202.0,210.0,293.0,,255.0,213.0,239.0
231,Harrison Butker,K,KC,225.14,9,187.0,168.6,243.7,245.0,193.0,297.0,,249.0,223.0,220.0
232,David Njoku,TE,LAC,225.19,8,291.0,,305.5,182.0,206.0,,216.0,166.0,235.0,200.0
233,Gunnar Helm,TE,TEN,225.78,8,215.0,,259.2,216.0,243.0,,186.0,244.0,224.0,219.0
234,Jaydon Blue,RB,DAL,226.4,8,243.0,,223.2,269.0,247.0,,174.0,230.0,204.0,221.0
235,Andres Borregales,K,NE,227.53,6,,,241.2,199.0,242.0,,,221.0,249.0,213.0
236,Brandon Aiyuk,WR,SF,228.41,8,231.0,,323.3,203.0,214.0,,192.0,260.0,195.0,209.0
237,Germie Bernard,WR,PIT,228.43,7,151.0,,288.0,239.0,272.0,,182.0,,233.0,234.0
238,Buffalo Bills,DST,BUF,230.86,8,,166.1,238.8,250.0,199.0,294.0,,233.0,221.0,245.0
239,Chase McLaughlin,K,TB,231.59,9,238.0,165.14,248.2,276.0,213.0,205.0,,242.0,261.0,236.0
240,Cleveland Browns,DST,CLE,234.11,9,176.0,161.8,326.2,288.0,198.0,238.0,,248.0,217.0,254.0
241,Aaron Rodgers,QB,PIT,234.25,8,268.0,,233.0,,241.0,263.0,179.0,223.0,237.0,230.0
242,Austin Ekeler,RB,,235.0,2,,,,,295.0,,,175.0,,
243,Troy Franklin,WR,DEN,235.13,6,,,267.8,200.0,259.0,262.0,,,207.0,215.0
244,Evan McPherson,K,CIN,235.38,8,256.0,,263.0,247.0,223.0,207.0,,254.0,215.0,218.0
245,Jack Bech,WR,LV,235.75,8,209.0,156.0,284.0,271.0,249.0,256.0,211.0,,250.0,
246,Atlanta Falcons,DST,ATL,237.69,6,,143.81,310.3,256.0,237.0,,,,228.0,251.0
247,Jaylen Wright,RB,MIA,239.29,7,225.0,,269.0,234.0,248.0,,,225.0,247.0,227.0
248,George Holani,RB,SEA,239.67,6,244.0,,282.0,,267.0,,213.0,193.0,239.0,
249,Colby Parkinson,TE,LAR,241.53,7,,,267.7,215.0,268.0,289.0,208.0,,220.0,223.0
250,Chris Boswell,K,PIT,241.75,8,237.0,,246.0,274.0,228.0,211.0,,239.0,267.0,232.0
251,Ted Hurst III,WR,TB,243.36,7,233.0,,282.5,244.0,274.0,,191.0,,231.0,248.0
252,San Francisco 49ers,DST,SF,245.03,7,297.0,,256.2,233.0,222.0,,,251.0,227.0,229.0
253,Malachi Fields,WR,NYG,245.28,6,,,260.7,282.0,240.0,,,197.0,246.0,246.0
254,Blake Grupe,K,IND,245.93,2,,142.36,349.5,,,,,,,
255,Eli Stowers,TE,PHI,246.3,5,,,298.5,184.0,255.0,,,,253.0,241.0
256,Jaylin Noel,WR,HOU,246.54,7,205.0,,253.8,232.0,289.0,192.0,,,282.0,272.0
257,Ja'Kobi Lane,WR,BAL,250.84,8,232.0,,237.7,212.0,235.0,287.0,,238.0,315.0,250.0
258,Cyrus Allen,WR,KC,252.12,4,,,225.5,,256.0,,,253.0,274.0,
259,Demond Claiborne,RB,MIN,252.97,7,222.0,,286.8,236.0,262.0,,,247.0,284.0,233.0
260,Chicago Bears,DST,CHI,253.96,7,286.0,,312.7,229.0,224.0,,,250.0,234.0,242.0
261,Pat Bryant,WR,DEN,257.19,8,261.0,,211.5,243.0,305.0,252.0,202.0,,304.0,279.0
262,Christian Kirk,WR,SF,257.27,6,,167.1,321.5,280.0,257.0,258.0,,,260.0,
263,Jake Tonges,TE,SF,257.54,7,293.0,,338.8,204.0,245.0,,,231.0,263.0,228.0
264,Indianapolis Colts,DST,IND,258.3,6,255.0,,304.8,237.0,275.0,,,,240.0,238.0
265,LeQuint Allen Jr.,RB,JAX,259.06,5,241.0,,306.3,,273.0,,,199.0,276.0,
266,New Orleans Saints,DST,NO,259.17,6,299.0,158.5,313.5,283.0,253.0,,,,248.0,
267,Chris Bell,WR,MIA,259.54,7,211.0,,282.8,260.0,300.0,231.0,,,275.0,257.0
268,Spencer Shrader,K,IND,261.8,4,,155.0,353.2,,269.0,,,,,270.0
269,John Metchie III,WR,CAR,262.73,4,,159.92,,,285.0,,,,308.0,298.0
270,Shedeur Sanders,QB,CLE,263.53,6,,,294.2,251.0,250.0,292.0,,,257.0,237.0
271,Dyami Brown,WR,WAS,264.0,1,264.0,,,,,,,,,
272,Samaje Perine,RB,CIN,264.46,5,240.0,,297.3,,283.0,,,240.0,262.0,
273,Geno Smith,QB,NYJ,264.94,5,267.0,,225.7,,360.0,,203.0,,269.0,
274,Keon Coleman,WR,BUF,265.05,6,234.0,,271.3,266.0,299.0,,,,268.0,252.0
275,Trey Benson,RB,ARI,265.18,4,,,329.7,198.0,278.0,,,,,255.0
276,Elic Ayomanor,WR,TEN,265.56,5,,,300.8,214.0,280.0,,,,277.0,256.0
277,Tampa Bay Buccaneers,DST,TB,265.93,7,235.0,,331.5,262.0,252.0,295.0,,,242.0,244.0
278,Dallas Cowboys,DST,DAL,266.26,7,,,332.8,225.0,221.0,362.0,,226.0,266.0,231.0
279,Tua Tagovailoa,QB,ATL,266.26,7,296.0,,275.8,268.0,298.0,,215.0,,258.0,253.0
280,New York Giants,DST,NYG,267.26,7,,,321.8,206.0,220.0,392.0,,228.0,256.0,247.0
281,Keenan Allen,WR,LAC,267.92,6,,,307.5,265.0,264.0,,,219.0,289.0,263.0
282,Michael Penix Jr.,QB,ATL,268.05,4,,,275.2,255.0,287.0,,,,255.0,
283,Nick Folk,K,ATL,268.59,6,257.0,153.24,352.3,295.0,279.0,,,,,275.0
284,Joe Mixon,RB,,269.33,3,,,,224.0,317.0,,,,,267.0
285,DJ Giddens,RB,IND,269.64,5,251.0,,274.2,,297.0,,,246.0,280.0,
286,Mason Taylor,TE,NYJ,270.7,4,,,296.8,248.0,266.0,,,,272.0,
287,Ty Johnson,RB,BUF,271.1,5,245.0,,316.5,,286.0,,,203.0,305.0,
288,Wil Lutz,K,DEN,273.17,6,,,274.0,286.0,277.0,,,252.0,292.0,258.0
289,Tory Horton,WR,SEA,275.71,7,262.0,,297.0,257.0,302.0,272.0,,,281.0,259.0
290,Jalen Tolbert,WR,MIA,276.2,5,227.0,,340.0,,293.0,,,215.0,306.0,
291,Ollie Gordon II,RB,MIA,276.32,4,226.0,,228.3,,372.0,,,,279.0,
292,Mike Gesicki,TE,CIN,276.4,5,289.0,,326.0,,326.0,,209.0,,232.0,
293,Emari Demercado,RB,KC,277.45,4,246.0,,283.8,,337.0,,,,243.0,
294,Tyler Badie,RB,DEN,278.0,1,278.0,,,,,,,,,
295,Elijah Sarratt,WR,BAL,278.21,7,263.0,,299.5,258.0,330.0,,197.0,,329.0,271.0
296,Matt Gay,K,LV,278.67,3,,,,287.0,281.0,,,,,268.0
297,Adam Randall,RB,BAL,279.25,2,239.0,,319.5,,,,,,,
298,Washington Commanders,DST,WAS,280.33,3,,,,,282.0,,,,285.0,274.0
299,Deshaun Watson,QB,CLE,282.66,5,270.0,,298.3,,363.0,,212.0,,270.0,
300,Evan Engram,TE,DEN,282.88,4,290.0,,271.5,,332.0,,,,238.0,
301,Carolina Panthers,DST,CAR,284.88,6,300.0,,334.3,273.0,263.0,,,,273.0,266.0
302,Devin Singletary,RB,NYG,286.84,5,277.0,,309.2,,303.0,,,235.0,310.0,
303,JJ. McCarthy,QB,MIN,286.9,5,,,361.5,246.0,258.0,,,,291.0,278.0
304,Marvin Mims Jr.,WR,DEN,287.12,6,284.0,,327.7,238.0,296.0,,,,288.0,289.0
305,Darius Slayton,WR,NYG,287.44,5,271.0,,275.2,,391.0,,206.0,,294.0,
306,Seth McGowan,RB,IND,287.65,2,281.0,,294.3,,,,,,,
307,Tyler Bass,K,BUF,287.7,6,,,352.2,296.0,254.0,,,259.0,300.0,265.0
308,Kirk Cousins,QB,LV,288.17,3,,,288.5,,335.0,,,,241.0,
309,Arizona Cardinals,DST,ARI,289.0,3,,,,292.0,294.0,,,,,281.0
310,Devontez Walker,WR,BAL,290.0,2,,,,,309.0,,,,271.0,
311,Miami Dolphins,DST,MIA,290.0,3,,,,297.0,288.0,,,,,285.0
312,Caleb Douglas,WR,MIA,290.43,4,229.0,,240.7,,395.0,,,,297.0,
313,Jake Elliott,K,PHI,290.89,7,288.0,,337.2,278.0,261.0,334.0,,,295.0,243.0
314,Bryce Ford-Wheaton,WR,NYG,292.0,1,,,,,,,,,,292.0
315,Devin Neal,RB,NO,292.93,3,,,325.8,230.0,323.0,,,,,
316,Las Vegas Raiders,DST,LV,294.56,5,,,357.8,293.0,270.0,,,,283.0,269.0
317,Jaylin Lane,WR,WAS,295.0,1,295.0,,,,,,,,,
318,Tennessee Titans,DST,TEN,295.36,5,,,349.8,291.0,276.0,,,,296.0,264.0
319,Kaleb Johnson,RB,PIT,295.8,5,,,341.0,235.0,306.0,,,,317.0,280.0
320,Darnell Washington,TE,PIT,296.38,4,,,302.5,,290.0,,,,298.0,295.0
321,Devaughn Vele,WR,NO,296.54,5,,,287.7,275.0,353.0,227.0,,,340.0,
322,Younghoe Koo,K,NYJ,297.0,2,,,,,321.0,,,,,273.0
323,Cincinnati Bengals,DST,CIN,298.24,5,285.0,,347.2,279.0,271.0,,,,309.0,
324,Najee Harris,RB,LAC,298.57,3,,,339.7,231.0,325.0,,,,,
325,Andrei Iosivas,WR,CIN,299.26,5,274.0,,355.3,,381.0,,200.0,,286.0,
326,Kendre Miller,RB,NO,299.6,5,282.0,,328.0,249.0,342.0,,,,,297.0
327,Ty Simpson,QB,LAR,299.75,4,,,,281.0,292.0,,,,339.0,287.0
328,Tyler Scott,WR,LAR,300.0,1,,,,,,,,,,300.0
329,Trey Smack,K,GB,300.3,4,287.0,,316.2,,314.0,,,,,284.0
330,Theo Johnson,TE,NYG,301.64,5,,,331.2,261.0,316.0,,,,314.0,286.0
331,Kyle Williams,WR,NE,301.7,4,,,357.8,241.0,284.0,,,,324.0,
332,Brashard Smith,RB,KC,301.8,5,,,341.0,252.0,310.0,,,,312.0,294.0
333,Trevor Etienne,RB,CAR,303.85,2,280.0,,327.7,,,,,,,
334,Xavier Legette,WR,CAR,305.8,4,208.0,,317.2,,399.0,,,,299.0,
335,Chimere Dike,WR,TEN,306.5,6,,,321.0,259.0,320.0,339.0,,,318.0,282.0
336,Savion Williams,WR,GB,306.75,2,253.0,,360.5,,,,,,,
337,Tahj Brooks,RB,CIN,307.15,2,279.0,,335.3,,,,,,,
338,Andre Szmyt,K,CLE,308.0,2,,,,,333.0,,,,,283.0
339,Chris Brooks,RB,GB,308.55,4,249.0,,315.2,,383.0,,,,287.0,
340,Skyler Bell,WR,BUF,308.77,3,,,320.3,,304.0,,,,302.0,
341,Dominic Zvada,K,NYG,310.0,2,,,,,329.0,,,,,291.0
342,KaVontae Turpin,WR,DAL,310.67,3,294.0,,,,339.0,,,,,299.0
343,Justin Fields,QB,KC,311.0,2,,,,,311.0,,,,311.0,
344,Ben Sauls,K,NYG,311.77,3,,,353.3,,322.0,,,,,260.0
345,Cole Kmet,TE,CHI,311.9,3,,,351.7,,291.0,,,,293.0,
346,Isaiah Davis,RB,NYJ,311.95,4,247.0,,260.8,,420.0,,,,320.0,
347,Justin Tucker,K,,312.0,1,,,,,312.0,,,,,
348,Treylon Burks,WR,WAS,313.65,2,272.0,,355.3,,,,,,,
349,Charlie Smyth,K,NO,314.0,4,,,290.0,290.0,386.0,,,,,290.0
350,Philip Rivers,QB,,315.0,1,,,,,315.0,,,,,
351,Audric Estime,RB,NO,316.0,2,,,,270.0,362.0,,,,,
352,Carson Beck,QB,ARI,316.0,3,,,346.0,,301.0,,,,301.0,
353,Chad Ryland,K,ARI,316.5,2,,,,,340.0,,,,,293.0
354,New York Jets,DST,NYJ,317.12,6,298.0,,357.7,294.0,318.0,,,,347.0,288.0
355,Malik Davis,RB,DAL,319.18,4,265.0,,336.7,,385.0,,,,290.0,
356,Jake Moody,K,WAS,324.0,1,,,,,324.0,,,,,
357,Elijah Arroyo,TE,SEA,325.33,3,,,334.0,,319.0,,,,323.0,
358,Cade York,K,NYJ,327.5,2,,,,,379.0,,,,,276.0
359,Joshua Palmer,WR,BUF,327.9,3,,,359.7,,308.0,,,,316.0,
360,Jameis Winston,QB,NYG,328.0,2,,,,,328.0,,,,328.0,
361,Jahan Dotson,WR,ATL,328.38,4,275.0,,301.5,,418.0,,,,319.0,
362,Tyquan Thornton,WR,KC,329.62,4,273.0,,282.5,,433.0,,,,330.0,
363,Tyler Higbee,TE,LAR,330.85,2,,,325.7,,336.0,,,,,
364,Jason Sanders,K,NYJ,331.0,1,,,,,331.0,,,,,
365,Jarquez Hunter,RB,LAR,332.17,3,,,350.5,277.0,369.0,,,,,
366,D. Waller,TE,CAR,332.3,1,,,332.3,,,,,,,
367,Michael Trigg,TE,DAL,332.5,2,,,,285.0,380.0,,,,,
368,Hollywood Brown,WR,PHI,332.57,3,,,348.7,,371.0,,,,278.0,
369,Brock Wright,TE,DET,334.0,1,,,,,334.0,,,,,
370,C. Kolar,TE,LAC,335.0,1,,,335.0,,,,,,,
371,Michael Mayer,TE,LV,335.5,4,292.0,,343.0,,404.0,,,,303.0,
372,Riley Patterson,K,MIA,336.5,2,,,,289.0,384.0,,,,,
373,Dawson Knox,TE,BUF,337.43,3,,,363.3,,313.0,,,,336.0,
374,Caden Davis,K,,338.0,1,,,,,338.0,,,,,
375,Max Klare,TE,LAR,338.33,3,,,353.0,284.0,378.0,,,,,
376,Teddy Bridgewater,QB,DET,338.5,2,,,,,356.0,,,,321.0,
377,Joe Flacco,QB,CIN,339.5,2,,,,,346.0,,,,333.0,
378,Ryan Fitzgerald,K,CAR,340.0,2,,,353.0,,327.0,,,,,
379,Matt Prater,K,,341.0,1,,,,,341.0,,,,,
380,Kalif Raymond,WR,CHI,344.0,1,,,,,344.0,,,,,
381,Luke Musgrave,TE,GB,345.0,1,,,,,345.0,,,,,
382,Mac Jones,QB,SF,345.4,3,,,364.2,,359.0,,,,313.0,
383,Tommy DeVito,QB,NE,347.0,1,,,,,347.0,,,,,
384,Josh Oliver,TE,MIN,348.0,1,,,,,348.0,,,,,
385,Jahdae Walker,WR,CHI,349.0,1,,,,,349.0,,,,,
386,Joe Milton III,QB,DAL,350.0,1,,,,,350.0,,,,,
387,Noah Gray,TE,KC,351.0,1,,,,,351.0,,,,,
388,Tyler Huntley,QB,BAL,351.5,2,,,,,396.0,,,,307.0,
389,Tyson Bagent,QB,CHI,352.0,1,,,,,352.0,,,,,
390,Jordan Whittington,WR,LAR,352.15,2,,,361.3,,343.0,,,,,
391,Zane Gonzalez,K,MIA,353.4,2,,,352.8,,354.0,,,,,
392,DeMario Douglas,WR,NE,353.43,3,,,355.3,,367.0,,,,338.0,
393,Jawhar Jordan,RB,HOU,354.55,4,283.0,,359.2,,442.0,,,,334.0,
394,Luke Schoonmaker,TE,DAL,357.0,1,,,,,357.0,,,,,
395,Will Shipley,RB,PHI,357.33,3,276.0,,,,452.0,,,,344.0,
396,Eli Raridon,TE,NE,357.65,2,,,349.3,,366.0,,,,,
397,Zavion Thomas,WR,CHI,357.85,2,,,360.7,,355.0,,,,,
398,Drew Allar,QB,PIT,358.0,1,,,,,358.0,,,,,
399,Lil'Jordan Humphrey,WR,DEN,361.0,1,,,,,361.0,,,,,
400,N. Whittington,RB,HOU,361.5,1,,,361.5,,,,,,,
401,Luke McCaffrey,WR,WAS,362.85,2,,,360.7,,365.0,,,,,
402,D. Carlson,K,LV,364.0,1,,,364.0,,,,,,,
403,Graham Gano,K,,364.0,1,,,,,364.0,,,,,
404,Konata Mumpfield,WR,LAR,364.0,2,,,,,393.0,,,,335.0,
405,Mack Hollins,WR,NE,367.0,2,,,,,409.0,,,,325.0,
406,Odell Beckham Jr.,WR,NYG,367.5,2,,,,,307.0,428.0,,,,
407,Tyrod Taylor,QB,GB,367.5,2,,,,,389.0,,,,346.0,
408,Mitch Tinsley,WR,CIN,368.0,1,,,,,368.0,,,,,
409,Roman Wilson,WR,PIT,368.9,2,,,360.8,,377.0,,,,,
410,Isaiah Bond,WR,CLE,369.0,3,,,326.0,,444.0,,,,337.0,
411,Bo Melton,WR,GB,370.0,1,,,,,370.0,,,,,
412,Tai Felton,WR,MIN,373.0,1,,,,,373.0,,,,,
413,Trey Lance,QB,LAC,373.0,2,,,,,424.0,,,,322.0,
414,Jonathan Mingo,WR,DAL,374.0,1,,,,,374.0,,,,,
415,Oscar Delp,TE,NO,374.33,3,,,334.0,,448.0,,,,341.0,
416,Drew Lock,QB,SEA,375.0,1,,,,,375.0,,,,,
417,JuJu Smith-Schuster,WR,NYG,376.0,1,,,,,376.0,,,,,
418,Colbie Young,WR,CIN,376.1,2,,,360.2,,392.0,,,,,
419,CJ Daniels,WR,LAR,376.9,2,,,359.8,,394.0,,,,,
420,Jake Browning,QB,TB,377.5,2,,,,,429.0,,,,326.0,
421,Tommy Tremble,TE,CAR,382.0,1,,,,,382.0,,,,,
422,Brenen Thompson,WR,LAC,382.35,2,,,353.7,,411.0,,,,,
423,Melvin Gordon III,RB,,383.0,2,,,,,435.0,,,,331.0,
424,Kevin Coleman Jr.,WR,MIA,385.5,2,,,,,439.0,,,,332.0,
425,Erick All Jr.,TE,CIN,386.6,2,,,332.2,,441.0,,,,,
426,Tez Johnson,WR,TB,387.0,1,,,,,387.0,,,,,
427,Greg Dortch,WR,DET,388.0,1,,,,,388.0,,,,,
428,Riley Leonard,QB,IND,389.5,2,,,,,437.0,,,,342.0,
429,Xavier Smith,WR,LAR,390.0,1,,,,,390.0,,,,,
430,Sione Vaki,RB,DET,392.15,2,,,358.3,,426.0,,,,,
431,Kareem Hunt,RB,KC,396.5,2,,,,,450.0,,,,343.0,
432,Kenny Pickett,QB,CAR,397.0,1,,,,,397.0,,,,,
433,Kyle Allen,QB,BUF,398.0,1,,,,,398.0,,,,,
434,Olamide Zaccheaus,WR,ATL,400.0,2,,,,,455.0,,,,345.0,
435,Skyy Moore,WR,GB,400.0,1,,,,,400.0,,,,,
436,Stetson Bennett IV,QB,LAR,401.0,1,,,,,401.0,,,,,
437,Jake Bobo,WR,SEA,402.0,1,,,,,402.0,,,,,
438,Jalen Royals,WR,KC,402.0,2,,,359.0,,445.0,,,,,
439,Daniel Bellinger,TE,TEN,402.5,2,,,362.0,,443.0,,,,,
440,Jalen Milroe,QB,SEA,403.0,1,,,,,403.0,,,,,
441,Phil Mafah,RB,DAL,403.4,2,,,350.8,,456.0,,,,,
442,Chris Brazzell II,WR,CAR,403.5,2,,,,,459.0,,,,348.0,
443,Will Howard,QB,PIT,405.0,1,,,,,405.0,,,,,
444,Brendan Sorsby,QB,,406.0,2,,,,,462.0,,,,350.0,
445,Sal Cannella,TE,,406.0,1,,,,,406.0,,,,,
446,Elijah Higgins,TE,ARI,407.0,1,,,,,407.0,,,,,
447,Anthony Richardson Sr.,QB,IND,408.0,1,,,,,408.0,,,,,
448,Jackson Hawes,TE,BUF,410.0,1,,,,,410.0,,,,,
449,Malik Benson,WR,LV,411.9,2,,,352.8,,471.0,,,,,
450,Mitchell Evans,TE,CAR,411.9,2,,,359.8,,464.0,,,,,
451,KeAndre Lambert-Smith,WR,LAC,412.0,1,,,,,412.0,,,,,
452,Jimmy Horn Jr.,WR,CAR,413.0,1,,,,,413.0,,,,,
453,Ben Skowronek,WR,PIT,414.0,1,,,,,414.0,,,,,
454,Calvin Austin III,WR,NYG,414.15,2,,,359.3,,469.0,,,,,
455,Brevyn Spann-Ford,TE,DAL,415.0,1,,,,,415.0,,,,,
456,Tanner McKee,QB,PHI,416.0,1,,,,,416.0,,,,,
457,Sam Roush,TE,CHI,417.0,1,,,,,417.0,,,,,
458,Reggie Virgil,WR,ARI,417.15,2,,,360.3,,474.0,,,,,
459,Cade Klubnik,QB,NYJ,419.0,1,,,,,419.0,,,,,
460,Myles Price,WR,MIN,421.0,1,,,,,421.0,,,,,
461,Efton Chism III,WR,NE,422.0,1,,,,,422.0,,,,,
462,Marquez Valdes-Scantling,WR,DAL,423.0,1,,,,,423.0,,,,,
463,Ashton Dulin,WR,IND,423.15,2,,,353.3,,493.0,,,,,
464,Roschon Johnson,RB,CHI,425.0,1,,,,,425.0,,,,,
465,Frank Gore Jr.,RB,BUF,427.0,1,,,,,427.0,,,,,
466,Nick Chubb,RB,HOU,428.0,1,,,,,428.0,,,,,
467,Jermar Jefferson,RB,MIN,430.0,1,,,,,430.0,,,,,
468,Jude McAtamney,K,,431.0,1,,,,,431.0,,,,,
469,John Samuel Shenker,TE,,432.0,1,,,,,432.0,,,,,
470,Jakobie Keeney-James,WR,PIT,434.0,1,,,,,434.0,,,,,
471,Demarcus Robinson,WR,SF,434.1,2,,,359.2,,509.0,,,,,
472,Jacob Saylors,RB,DET,436.0,1,,,,,436.0,,,,,
473,Joey Slye,K,TEN,438.0,1,,,,,438.0,,,,,
474,Bryce Lance,WR,NO,440.0,1,,,,,440.0,,,,,
475,Raheim Sanders,RB,CLE,440.5,2,,,359.0,,522.0,,,,,
476,Tyrell Shavers,WR,BUF,446.0,1,,,,,446.0,,,,,
477,Barion Brown,WR,NO,447.0,1,,,,,447.0,,,,,
478,Reggie Gilliam,RB,NE,449.0,1,,,,,449.0,,,,,
479,Cedric Tillman,WR,CLE,451.0,1,,,,,451.0,,,,,
480,Quinn Ewers,QB,MIA,453.0,1,,,,,453.0,,,,,
481,Cedrick Wilson Jr.,WR,DET,454.0,1,,,,,454.0,,,,,
482,DeWayne McBride,RB,,457.0,1,,,,,457.0,,,,,
483,Michael Pratt,QB,,458.0,1,,,,,458.0,,,,,
484,Josh Williams,RB,TB,460.0,1,,,,,460.0,,,,,
485,Sam Howell,QB,DAL,461.0,1,,,,,461.0,,,,,
486,Drew Sample,TE,CIN,463.0,1,,,,,463.0,,,,,
487,Dont'e Thornton Jr,WR,LV,465.0,1,,,,,465.0,,,,,
488,Adam Trautman,TE,DEN,466.0,1,,,,,466.0,,,,,
489,Jeremy Ruckert,TE,NYJ,467.0,1,,,,,467.0,,,,,
490,Hunter Luepke,RB,DAL,468.0,1,,,,,468.0,,,,,
491,Joe Royer,TE,CLE,470.0,1,,,,,470.0,,,,,
492,Spencer Rattler,QB,NO,472.0,1,,,,,472.0,,,,,
493,Davis Mills,QB,HOU,473.0,1,,,,,473.0,,,,,
494,Arian Smith,WR,NYJ,475.0,1,,,,,475.0,,,,,
495,Charlie Jones,WR,CIN,476.0,1,,,,,476.0,,,,,
496,LaJohntay Wester,WR,BAL,477.0,1,,,,,477.0,,,,,
497,Zach Wilson,QB,NO,478.0,1,,,,,478.0,,,,,
498,Grant Calcaterra,TE,PHI,479.0,1,,,,,479.0,,,,,
499,Josh Whyle,TE,GB,480.0,1,,,,,480.0,,,,,
500,Israel Abanikanda,RB,DAL,481.0,1,,,,,481.0,,,,,
501,Brady Cook,QB,NYJ,482.0,1,,,,,482.0,,,,,
502,Ulysses Bentley IV,RB,IND,483.0,1,,,,,483.0,,,,,
503,Eli Heidenreich,RB,PIT,484.0,1,,,,,484.0,,,,,
504,Jimmy Garoppolo,QB,LAR,485.0,1,,,,,485.0,,,,,
505,Greg Zuerlein,K,,486.0,1,,,,,486.0,,,,,
506,Kadarius Toney,WR,,487.0,1,,,,,487.0,,,,,
507,Tanner Brown,K,NO,488.0,1,,,,,488.0,,,,,
508,Jordan Travis,QB,,489.0,1,,,,,489.0,,,,,
509,Devin Leary,QB,,490.0,1,,,,,490.0,,,,,
510,Noah Fant,TE,NO,491.0,1,,,,,491.0,,,,,
511,Jarrett Stidham,QB,DEN,492.0,1,,,,,492.0,,,,,
512,Tutu Atwell,WR,MIA,494.0,1,,,,,494.0,,,,,
513,Kendrick Bourne,WR,ARI,495.0,1,,,,,495.0,,,,,
514,Cade Stover,TE,HOU,496.0,1,,,,,496.0,,,,,
515,John Bates,TE,WAS,497.0,1,,,,,497.0,,,,,
516,Xavier Hutchinson,WR,HOU,498.0,1,,,,,498.0,,,,,
517,Mo Alie-Cox,TE,IND,499.0,1,,,,,499.0,,,,,
518,Nate Boerkircher,TE,JAX,500.0,1,,,,,500.0,,,,,
519,Isaiah Williams,WR,NYJ,501.0,1,,,,,501.0,,,,,
520,Malachi Corley,WR,CLE,502.0,1,,,,,502.0,,,,,
521,Darius Cooper,WR,PHI,503.0,1,,,,,503.0,,,,,
522,Riley Nowakowski,TE,PIT,504.0,1,,,,,504.0,,,,,
523,Kaden Wetjen,WR,PIT,505.0,1,,,,,505.0,,,,,
524,Jack Stoll,TE,CLE,506.0,1,,,,,506.0,,,,,
525,Gardner Minshew II,QB,ARI,507.0,1,,,,,507.0,,,,,
526,Mason Kinsey,WR,TEN,508.0,1,,,,,508.0,,,,,
527,Mason Rudolph,QB,PIT,510.0,1,,,,,510.0,,,,,
528,Scotty Miller,WR,CHI,511.0,1,,,,,511.0,,,,,
529,Mecole Hardman Jr.,WR,BUF,512.0,1,,,,,512.0,,,,,
530,Andy Dalton,QB,PHI,513.0,1,,,,,513.0,,,,,
531,Case Keenum,QB,CHI,514.0,1,,,,,514.0,,,,,
532,AJ Dillon,RB,CAR,515.0,1,,,,,515.0,,,,,
533,Elijah Moore,WR,PHI,516.0,1,,,,,516.0,,,,,
534,Ronnie Rivers,RB,LAR,517.0,1,,,,,517.0,,,,,
535,Jaleel McLaughlin,RB,DEN,518.0,1,,,,,518.0,,,,,
536,Terrell Jennings,RB,NE,519.0,1,,,,,519.0,,,,,
537,Gavin Bartholomew,TE,MIN,520.0,1,,,,,520.0,,,,,
538,Dominic Lovett,WR,DET,521.0,1,,,,,521.0,,,,,
539,Nathan Carter,RB,ATL,523.0,1,,,,,523.0,,,,,
540,Max Brosmer,QB,MIN,524.0,1,,,,,524.0,,,,,
541,Taylen Green,QB,CLE,525.0,1,,,,,525.0,,,,,
542,Garrett Nussmeier,QB,KC,526.0,1,,,,,526.0,,,,,
543,Equanimeous St. Brown,WR,,527.0,1,,,,,527.0,,,,,
544,Ezekiel Elliott,RB,,528.0,1,,,,,528.0,,,,,
545,Brandon McManus,K,GB,529.0,1,,,,,529.0,,,,,
546,Dustin Hopkins,K,,530.0,1,,,,,530.0,,,,,
547,Clyde Edwards-Helaire,RB,,531.0,1,,,,,531.0,,,,,
548,Ke'Shawn Vaughn,RB,,532.0,1,,,,,532.0,,,,,
549,Antonio Gibson,RB,,533.0,1,,,,,533.0,,,,,
550,JJ. Taylor,RB,,534.0,1,,,,,534.0,,,,,
551,Dorian Thompson-Robinson,QB,,535.0,1,,,,,535.0,,,,,
552,Jaren Hall,QB,,536.0,1,,,,,536.0,,,,,
553,Max Duggan,QB,,537.0,1,,,,,537.0,,,,,
554,Nathan Rourke,QB,,538.0,1,,,,,538.0,,,,,
555,Joshua Karty,K,,539.0,1,,,,,539.0,,,,,
556,Brayden Narveson,K,,540.0,1,,,,,540.0,,,,,
557,Aaron Shampklin,RB,,541.0,1,,,,,541.0,,,,,
558,DJ. Williams,RB,,542.0,1,,,,,542.0,,,,,
559,Jaylen Johnson,WR,,543.0,1,,,,,543.0,,,,,
560,Baylor Cupp,TE,,544.0,1,,,,,544.0,,,,,
561,Jacob Kibodi,RB,,545.0,1,,,,,545.0,,,,,
562,Tommy Mellott,WR,,546.0,1,,,,,546.0,,,,,
563,Kaden Prather,WR,GB,547.0,1,,,,,547.0,,,,,
564,Ja'Corey Brooks,WR,,548.0,1,,,,,548.0,,,,,
565,Ja'Tavion Sanders,TE,CAR,549.0,1,,,,,549.0,,,,,
566,Austin Hooper,TE,ATL,550.0,1,,,,,550.0,,,,,
567,Kyle Juszczyk,RB,SF,551.0,1,,,,,551.0,,,,,
568,Will Kacmarek,TE,MIA,552.0,1,,,,,552.0,,,,,
569,Ben Sinnott,TE,WAS,553.0,1,,,,,553.0,,,,,
570,Durham Smythe,TE,BAL,554.0,1,,,,,554.0,,,,,
571,Davis Allen,TE,LAR,555.0,1,,,,,555.0,,,,,
572,Payne Durham,TE,TB,556.0,1,,,,,556.0,,,,,
573,Anthony Gould,WR,IND,557.0,1,,,,,557.0,,,,,
574,Luke Farrell,TE,SF,558.0,1,,,,,558.0,,,,,
575,Max Bredeson,RB,MIN,559.0,1,,,,,559.0,,,,,
576,Tyler Conklin,TE,DET,560.0,1,,,,,560.0,,,,,
577,Josh Cuevas,TE,BAL,561.0,1,,,,,561.0,,,,,
578,Andrew Beck,TE,NYJ,562.0,1,,,,,562.0,,,,,
579,Mitchell Trubisky,QB,TEN,563.0,1,,,,,563.0,,,,,
580,Kameron Johnson,WR,TB,564.0,1,,,,,564.0,,,,,
581,British Brooks,RB,HOU,565.0,1,,,,,565.0,,,,,
582,Nikko Remigio,WR,KC,566.0,1,,,,,566.0,,,,,
583,Jacob Cowing,WR,SF,567.0,1,,,,,567.0,,,,,
584,Devin Duvernay,WR,ARI,568.0,1,,,,,568.0,,,,,
585,Josh Cameron,WR,JAX,569.0,1,,,,,569.0,,,,,
586,Jalen Brooks,WR,ARI,570.0,1,,,,,570.0,,,,,
587,Jeshaun Jones,WR,MIN,571.0,1,,,,,571.0,,,,,
588,Travis Homer,RB,PIT,572.0,1,,,,,572.0,,,,,
589,David Moore,WR,CAR,573.0,1,,,,,573.0,,,,,
590,Tim Patrick,WR,NYJ,574.0,1,,,,,574.0,,,,,
591,Gunner Olszewski,WR,NYG,575.0,1,,,,,575.0,,,,,
592,Tom Kennedy,WR,DET,576.0,1,,,,,576.0,,,,,
593,Jalen Reagor,WR,MIA,577.0,1,,,,,577.0,,,,,
594,Van Jefferson,WR,WAS,578.0,1,,,,,578.0,,,,,
595,Albert Okwuegbunam Jr,TE,LV,579.0,1,,,,,579.0,,,,,
596,Quez Watkins,WR,PHI,580.0,1,,,,,580.0,,,,,
597,Ihmir Smith-Marsette,WR,ARI,581.0,1,,,,,581.0,,,,,
598,Simi Fehoko,WR,ARI,582.0,1,,,,,582.0,,,,,
599,Cody White,WR,SEA,583.0,1,,,,,583.0,,,,,
600,Pierre Strong Jr,RB,GB,584.0,1,,,,,584.0,,,,,
601,Jerome Ford,RB,WAS,585.0,1,,,,,585.0,,,,,
602,Bailey Zappe,QB,NYJ,586.0,1,,,,,586.0,,,,,
603,Chris Oladokun,QB,KC,587.0,1,,,,,587.0,,,,,
604,Brittain Brown,RB,CHI,588.0,1,,,,,588.0,,,,,
605,Julius Chestnut,RB,TEN,589.0,1,,,,,589.0,,,,,
606,Lucas Krull,TE,DEN,590.0,1,,,,,590.0,,,,,
607,Will Levis,QB,TEN,591.0,1,,,,,591.0,,,,,
608,Hendon Hooker,QB,TEN,592.0,1,,,,,592.0,,,,,
609,Sean Clifford,QB,CIN,593.0,1,,,,,593.0,,,,,
610,Scott Matlock,RB,LAC,594.0,1,,,,,594.0,,,,,
611,Trey Palmer,WR,NO,595.0,1,,,,,595.0,,,,,
612,Ben VanSumeren,RB,BUF,596.0,1,,,,,596.0,,,,,
613,Blake Whiteheart,TE,CLE,597.0,1,,,,,597.0,,,,,
614,Princeton Fant,TE,DAL,598.0,1,,,,,598.0,,,,,
