Rank,Player,Pos,Team,Avg ADP,# Sites,ESPN,Yahoo,Sleeper,FantasyPros,PFF,Underdog,DraftSharks
1,Josh Allen,QB,BUF,1.47,7,1.0,1.0,3.0,1.0,1.0,1.3,2.0
2,Jahmyr Gibbs,RB,DET,4.53,7,4.0,2.0,2.8,11.0,7.0,1.9,3.0
3,Bijan Robinson,RB,ATL,4.86,7,5.0,3.0,1.5,12.0,8.0,3.5,1.0
4,Lamar Jackson,QB,BAL,5.79,7,3.0,8.0,10.7,2.0,4.0,3.8,9.0
5,Drake Maye,QB,NE,6.11,7,10.0,9.0,7.5,3.0,2.0,5.3,6.0
6,Ja'Marr Chase,WR,CIN,7.27,7,7.0,10.0,4.4,7.0,10.0,8.5,4.0
7,Jayden Daniels,QB,WAS,7.37,7,2.0,4.0,17.8,5.0,5.0,5.8,12.0
8,Puka Nacua,WR,LAR,8.74,7,6.0,18.0,5.2,8.0,9.0,10.0,5.0
9,Joe Burrow,QB,CIN,9.11,7,16.0,5.0,14.7,4.0,6.0,7.1,11.0
10,Christian McCaffrey,RB,SF,12.07,7,9.0,15.0,7.9,17.0,14.0,13.6,8.0
11,Jalen Hurts,QB,PHI,12.11,7,11.0,7.0,28.2,6.0,3.0,8.6,21.0
12,Jaxon Smith-Njigba,WR,SEA,13.49,7,8.0,31.0,6.9,13.0,11.0,17.5,7.0
13,Jonathan Taylor,RB,IND,14.83,7,12.0,20.0,9.5,22.0,15.0,15.3,10.0
14,Amon-Ra St. Brown,WR,DET,16.6,7,13.0,23.0,11.5,14.0,19.0,22.7,13.0
15,Caleb Williams,QB,CHI,19.13,7,38.0,16.0,22.2,9.0,18.0,11.7,19.0
16,CeeDee Lamb,WR,DAL,21.11,7,14.0,35.0,13.9,18.0,20.0,29.9,17.0
17,Justin Herbert,QB,LAC,21.4,7,39.0,17.0,33.1,10.0,12.0,12.7,26.0
18,Trevor Lawrence,QB,JAX,21.51,7,25.0,12.0,41.2,15.0,13.0,15.4,29.0
19,Justin Jefferson,WR,MIN,21.93,7,19.0,37.0,15.1,19.0,17.0,30.4,16.0
20,Dak Prescott,QB,DAL,22.41,7,26.0,6.0,39.3,16.0,21.0,14.6,34.0
21,James Cook III,RB,BUF,22.41,7,18.0,34.0,12.8,32.0,23.0,23.1,14.0
22,Jaxson Dart,QB,NYG,22.96,7,17.0,11.0,37.7,21.0,27.0,19.0,28.0
23,De'Von Achane,RB,MIA,25.47,7,15.0,33.0,18.1,36.0,22.0,36.2,18.0
24,Ashton Jeanty,RB,LV,26.43,7,28.0,47.0,15.5,29.0,25.0,25.5,15.0
25,Bo Nix,QB,DEN,28.51,7,27.0,19.0,45.3,23.0,26.0,22.3,37.0
26,Brock Purdy,QB,SF,29.06,7,33.0,22.0,52.8,20.0,16.0,18.6,41.0
27,Patrick Mahomes II,QB,KC,29.47,7,44.0,13.0,42.3,25.0,28.0,18.0,36.0
28,Drake London,WR,ATL,29.54,7,20.0,38.0,25.3,24.0,34.0,45.5,20.0
29,Saquon Barkley,RB,PHI,31.76,7,30.0,44.0,20.6,42.0,33.0,28.7,24.0
30,Chase Brown,RB,CIN,33.5,7,40.0,42.0,27.6,30.0,29.0,38.9,27.0
31,Omarion Hampton,RB,LAC,33.67,7,29.0,48.0,23.2,41.0,36.0,35.5,23.0
32,Kenneth Walker III,RB,KC,35.17,7,41.0,45.0,23.3,44.0,31.0,36.9,25.0
33,Trey McBride,TE,ARI,36.27,7,21.0,63.0,19.4,33.0,47.0,48.5,22.0
34,AJ. Brown,WR,NE,36.57,7,36.0,57.0,26.4,26.0,35.0,44.6,31.0
35,Nico Collins,WR,HOU,36.73,7,24.0,54.0,29.6,28.0,37.0,52.5,32.0
36,Derrick Henry,RB,BAL,38.14,7,31.0,36.0,31.7,58.0,40.0,32.3,38.0
37,Matthew Stafford,QB,LAR,38.79,7,34.0,24.0,64.0,27.0,30.0,27.5,65.0
38,Jeremiyah Love,RB,ARI,39.87,7,22.0,50.0,31.4,57.0,43.0,45.7,30.0
39,Brock Bowers,TE,LV,40.61,7,32.0,71.0,21.9,37.0,49.0,40.4,33.0
40,Jared Goff,QB,DET,41.6,7,79.0,14.0,61.7,31.0,32.0,24.5,49.0
41,George Pickens,WR,DAL,41.7,7,47.0,43.0,30.2,34.0,48.0,54.7,35.0
42,Rashee Rice,WR,KC,42.18,6,23.0,59.0,36.1,35.0,,58.0,42.0
43,Chris Olave,WR,NO,45.63,7,37.0,61.0,35.6,38.0,46.0,62.8,39.0
44,Josh Jacobs,RB,GB,47.11,7,42.0,46.0,39.8,64.0,42.0,56.0,40.0
45,Kyler Murray,QB,MIN,47.44,7,60.0,25.0,84.2,39.0,24.0,24.9,75.0
46,Kyren Williams,RB,LAR,48.03,7,46.0,51.0,44.0,60.0,38.0,53.2,44.0
47,Breece Hall,RB,NYJ,49.23,6,43.0,58.0,43.9,59.0,,48.5,43.0
48,Baker Mayfield,QB,TB,50.14,7,81.0,29.0,71.7,43.0,39.0,31.3,56.0
49,DeVonta Smith,WR,PHI,52.21,7,51.0,64.0,53.3,40.0,45.0,59.2,53.0
50,Jordan Love,QB,GB,52.33,7,105.0,21.0,66.8,46.0,41.0,28.5,58.0
51,Javonte Williams,RB,DAL,52.65,6,45.0,55.0,49.8,66.0,,55.1,45.0
52,Malik Nabers,WR,NYG,52.85,6,48.0,73.0,34.9,50.0,,65.2,46.0
53,Tyler Shough,QB,NO,53.44,7,61.0,30.0,82.2,47.0,50.0,36.9,67.0
54,Zay Flowers,WR,BAL,53.97,6,50.0,56.0,51.7,45.0,,67.1,54.0
55,Tee Higgins,WR,CIN,55.2,6,64.0,53.0,47.5,51.0,,64.7,51.0
56,Tetairoa McMillan,WR,CAR,56.12,6,49.0,70.0,46.4,49.0,,72.3,50.0
57,Garrett Wilson,WR,NYJ,57.35,6,35.0,80.0,54.2,48.0,,74.9,52.0
58,Travis Etienne Jr.,RB,NO,58.45,6,56.0,67.0,58.2,69.0,,52.5,48.0
59,Cameron Skattebo,RB,NYG,61.25,6,57.0,60.0,57.4,73.0,,63.1,57.0
60,Colston Loveland,TE,CHI,61.9,6,62.0,90.0,38.7,54.0,,66.7,60.0
61,Emeka Egbuka,WR,TB,62.8,6,52.0,85.0,55.9,55.0,,69.9,59.0
62,Bucky Irving,RB,TB,64.28,6,59.0,76.0,50.3,79.0,,74.4,47.0
63,Ladd McConkey,WR,LAC,64.47,6,54.0,88.0,55.3,52.0,,76.5,61.0
64,Malik Willis,QB,MIA,65.69,7,104.0,26.0,106.6,53.0,44.0,40.2,86.0
65,Jaylen Waddle,WR,DEN,65.88,6,65.0,74.0,59.1,56.0,,77.2,64.0
66,Terry McLaurin,WR,WAS,66.27,6,55.0,65.0,67.0,62.0,,78.6,70.0
67,Davante Adams,WR,LAR,67.57,6,53.0,72.0,62.9,68.0,,81.5,68.0
68,Luther Burden III,WR,CHI,68.33,6,69.0,78.0,60.7,65.0,,82.3,55.0
69,CJ. Stroud,QB,HOU,68.38,6,107.0,27.0,95.5,61.0,,39.8,80.0
70,Sam Darnold,QB,SEA,68.85,6,117.0,32.0,85.2,63.0,,38.9,77.0
71,TreVeyon Henderson,RB,NE,70.45,6,70.0,69.0,63.9,84.0,,73.8,62.0
72,Quinshon Judkins,RB,CLE,70.7,6,58.0,81.0,65.7,81.0,,72.5,66.0
73,Daniel Jones,QB,IND,70.85,6,80.0,28.0,109.7,70.0,,45.4,92.0
74,D'Andre Swift,RB,CHI,71.3,6,72.0,68.0,68.3,80.0,,67.5,72.0
75,Tyler Warren,TE,IND,71.92,6,63.0,87.0,47.3,74.0,,87.2,73.0
76,David Montgomery,RB,HOU,72.02,6,73.0,66.0,71.6,83.0,,64.5,74.0
77,Cameron Ward,QB,TEN,72.58,6,106.0,41.0,97.8,67.0,,44.7,79.0
78,Jameson Williams,WR,DET,74.15,6,66.0,79.0,70.9,75.0,,85.0,69.0
79,Bhayshul Tuten,RB,JAX,78.17,6,71.0,89.0,75.5,86.0,,76.5,71.0
80,DJ. Moore,WR,BUF,79.03,6,78.0,94.0,73.8,72.0,,93.4,63.0
81,Bryce Young,QB,CAR,80.58,6,118.0,40.0,112.0,76.0,,49.5,88.0
82,Mike Evans,WR,SF,80.97,6,91.0,91.0,76.2,71.0,,80.6,76.0
83,Rome Odunze,WR,CHI,82.23,6,68.0,92.0,79.5,78.0,,93.9,82.0
84,Jaylen Warren,RB,PIT,85.85,6,89.0,75.0,83.7,90.0,,90.4,87.0
85,Christian Watson,WR,GB,86.42,6,93.0,93.0,81.4,77.0,,89.1,85.0
86,Carnell Tate,WR,TEN,87.22,6,67.0,115.0,79.0,85.0,,93.3,84.0
87,Jadarian Price,RB,SEA,88.17,6,77.0,83.0,87.7,92.0,,81.3,108.0
88,Harold Fannin Jr.,TE,CLE,89.22,6,75.0,107.0,74.3,88.0,,110.0,81.0
89,Rhamondre Stevenson,RB,NE,92.0,6,90.0,84.0,93.0,100.0,,91.0,94.0
90,Tucker Kraft,TE,GB,93.92,6,102.0,101.0,77.9,89.0,,97.6,96.0
91,Fernando Mendoza,QB,LV,94.03,6,119.0,62.0,102.3,138.0,,59.9,83.0
92,Kyle Pitts Sr.,TE,ATL,94.15,6,74.0,110.0,78.6,96.0,,113.3,93.0
93,Sam LaPorta,TE,DET,94.35,6,76.0,102.0,69.3,103.0,,110.8,105.0
94,DK. Metcalf,WR,PIT,94.9,6,86.0,97.0,91.8,93.0,,106.6,95.0
95,Tony Pollard,RB,TEN,95.25,6,88.0,95.0,100.0,101.0,,86.5,101.0
96,Marvin Harrison Jr.,WR,ARI,96.05,6,85.0,113.0,92.9,87.0,,101.4,97.0
97,Chuba Hubbard,RB,CAR,96.72,6,97.0,82.0,99.9,104.0,,91.4,106.0
98,Brian Thomas Jr.,WR,JAX,96.95,6,100.0,117.0,88.0,91.0,,95.7,90.0
99,Rico Dowdle,RB,PIT,98.2,6,95.0,86.0,103.9,108.0,,97.3,99.0
100,Parker Washington,WR,JAX,98.43,6,92.0,105.0,90.2,94.0,,106.4,103.0
101,Alec Pierce,WR,IND,98.47,6,84.0,77.0,114.4,99.0,,114.4,102.0
102,Courtland Sutton,WR,DEN,98.97,6,82.0,108.0,95.9,98.0,,120.9,89.0
103,RJ Harvey,RB,DEN,99.87,6,126.0,99.0,86.4,110.0,,99.8,78.0
104,Jordyn Tyson,WR,NO,102.08,6,87.0,131.0,89.5,107.0,,100.0,98.0
105,Michael Wilson,WR,ARI,107.45,6,99.0,116.0,98.3,109.0,,131.4,91.0
106,Jacoby Brissett,QB,ARI,108.75,6,166.0,49.0,147.8,82.0,,81.7,126.0
107,Kyle Monangai,RB,CHI,108.78,6,127.0,96.0,107.1,118.0,,104.6,100.0
108,Kenneth Gainwell,RB,TB,110.73,6,96.0,100.0,125.2,115.0,,112.2,116.0
109,Michael Pittman Jr.,WR,PIT,111.2,6,83.0,120.0,119.4,97.0,,130.8,117.0
110,Geno Smith,QB,NYJ,112.53,6,149.0,52.0,149.8,102.0,,64.4,158.0
111,JK. Dobbins,RB,DEN,113.23,6,125.0,112.0,110.2,116.0,,105.2,111.0
112,Chris Godwin Jr.,WR,TB,113.53,6,139.0,106.0,111.6,95.0,,122.6,107.0
113,Travis Kelce,TE,KC,114.08,6,113.0,118.0,101.7,112.0,,126.8,113.0
114,Aaron Jones Sr.,RB,MIN,115.33,6,98.0,98.0,131.8,125.0,,116.2,123.0
115,Blake Corum,RB,LAR,115.63,6,133.0,109.0,115.3,123.0,,101.5,112.0
116,Aaron Rodgers,QB,PIT,115.77,6,165.0,39.0,148.7,111.0,,55.9,175.0
117,Josh Downs,WR,IND,117.0,6,110.0,103.0,124.8,106.0,,124.2,134.0
118,Jakobi Meyers,WR,JAX,117.33,6,103.0,132.0,117.3,113.0,,134.7,104.0
119,Jordan Addison,WR,MIN,118.27,6,111.0,122.0,119.6,119.0,,123.0,115.0
120,Jayden Reed,WR,GB,119.02,6,121.0,104.0,122.7,122.0,,119.4,125.0
121,Makai Lemon,WR,PHI,120.85,6,109.0,176.0,103.2,117.0,,110.9,109.0
122,George Kittle,TE,SF,122.78,6,101.0,167.0,105.7,121.0,,122.0,120.0
123,Jake Ferguson,TE,DAL,123.78,6,114.0,145.0,108.7,124.0,,132.0,119.0
124,Wan'Dale Robinson,WR,TEN,123.78,6,108.0,153.0,126.8,105.0,,139.9,110.0
125,Quentin Johnston,WR,LAC,124.17,6,136.0,134.0,123.9,114.0,,115.1,122.0
126,Mark Andrews,TE,BAL,125.07,6,115.0,130.0,113.5,135.0,,135.9,121.0
127,Rachaad White,RB,WAS,125.08,6,123.0,111.0,135.8,120.0,,112.7,148.0
128,Jacory Croskey-Merritt,RB,WAS,128.5,6,132.0,121.0,130.0,133.0,,127.0,128.0
129,Dalton Kincaid,TE,BUF,129.28,6,130.0,175.0,94.0,127.0,,135.7,114.0
130,Dallas Goedert,TE,PHI,129.38,6,112.0,148.0,118.7,131.0,,139.6,127.0
131,Brian Robinson Jr.,RB,ATL,131.02,6,150.0,,145.9,166.0,8.0,169.2,147.0
132,Xavier Worthy,WR,KC,131.32,6,122.0,137.0,135.7,132.0,,129.2,132.0
133,Jonathon Brooks,RB,CAR,133.52,6,124.0,154.0,127.8,126.0,,107.3,162.0
134,Jordan Mason,RB,MIN,133.83,6,145.0,140.0,132.0,134.0,,121.0,131.0
135,Romeo Doubs,WR,NE,134.67,6,140.0,119.0,137.4,136.0,,145.6,130.0
136,Isaiah Likely,TE,NYG,134.78,6,129.0,173.0,116.8,130.0,,141.9,118.0
137,Khalil Shakir,WR,BUF,135.73,6,120.0,138.0,141.6,129.0,,145.8,140.0
138,Hunter Henry,TE,NE,139.77,6,131.0,135.0,127.1,158.0,,158.5,129.0
139,Tua Tagovailoa,QB,ATL,139.98,6,168.0,114.0,178.0,146.0,,91.9,142.0
140,Matthew Golden,WR,GB,140.78,6,94.0,162.0,138.8,141.0,,139.9,169.0
141,KC Concepcion,WR,CLE,143.85,6,137.0,170.0,134.5,139.0,,141.6,141.0
142,Jayden Higgins,WR,HOU,147.98,6,141.0,177.0,140.4,128.0,,150.5,151.0
143,Zach Charbonnet,RB,SEA,148.98,5,135.0,,153.0,147.0,,165.9,144.0
144,Jalen Coker,WR,CAR,149.67,6,142.0,171.0,143.2,137.0,,152.8,152.0
145,Woody Marks,RB,HOU,152.5,6,134.0,189.0,159.7,142.0,,147.3,143.0
146,Tyrone Tracy Jr.,RB,NYG,152.52,6,162.0,185.0,146.7,140.0,,136.4,145.0
147,TJ. Hockenson,TE,MIN,154.46,5,116.0,,154.8,173.0,,173.5,155.0
148,Chris Rodriguez Jr.,RB,JAX,154.75,6,148.0,166.0,156.0,145.0,,133.5,180.0
149,Kenyon Sadiq,TE,NYJ,154.8,5,128.0,,139.0,192.0,,166.0,149.0
150,Tyler Allgeier,RB,ARI,154.88,5,194.0,,143.2,143.0,,156.2,138.0
151,Alvin Kamara,RB,NO,156.2,5,146.0,,161.3,148.0,,171.7,154.0
152,Stefon Diggs,WR,WAS,157.95,6,212.0,144.0,129.4,169.0,,154.3,139.0
153,Rashid Shaheed,WR,SEA,163.02,6,144.0,200.0,158.5,150.0,,154.6,171.0
154,Los Angeles Rams,DST,LAR,163.43,4,173.0,150.0,167.3,,,,133.0
155,Seattle Seahawks,DST,SEA,163.43,4,172.0,165.0,170.7,,,,146.0
156,Isiah Pacheco,RB,DET,164.22,5,147.0,,185.9,153.0,,152.2,183.0
157,Brenton Strange,TE,JAX,164.58,6,226.0,180.0,133.0,154.0,,159.5,135.0
158,Juwan Johnson,TE,NO,165.33,6,225.0,181.0,151.5,149.0,,161.5,124.0
159,Houston Texans,DST,HOU,165.7,4,170.0,158.0,169.1,,,,137.0
160,Denver Broncos,DST,DEN,165.77,3,169.0,156.0,172.3,,,,
161,Deebo Samuel Sr.,WR,SF,165.95,6,138.0,199.0,142.5,159.0,,181.2,176.0
162,Denzel Boston,WR,CLE,166.88,5,154.0,,159.6,160.0,,174.8,186.0
163,Tyjae Spears,RB,TEN,167.52,6,196.0,183.0,164.6,144.0,,157.5,160.0
164,Brandon Aubrey,K,DAL,171.33,4,181.0,127.0,168.0,,,,165.0
165,Oronde Gadsden II,TE,LAC,171.73,6,271.0,184.0,121.9,163.0,,154.5,136.0
166,Michael Penix Jr.,QB,ATL,171.77,6,208.0,188.0,195.8,180.0,,105.8,153.0
167,Philadelphia Eagles,DST,PHI,171.78,4,175.0,182.0,173.1,,,,157.0
168,Travis Hunter,WR,JAX,172.24,5,155.0,,166.7,170.0,,164.5,205.0
169,Omar Cooper Jr.,WR,NYJ,173.22,5,198.0,,163.4,161.0,,164.7,179.0
170,Keaton Mitchell,RB,LAC,173.68,5,199.0,,179.3,157.0,,143.1,190.0
171,Jalen McMillan,WR,TB,174.48,5,152.0,,187.0,165.0,,173.4,195.0
172,Chigoziem Okonkwo,TE,WAS,174.58,5,260.0,,151.7,152.0,,150.2,159.0
173,Jonah Coleman,RB,DEN,174.76,5,213.0,,162.9,167.0,,166.9,164.0
174,Cameron Dicker,K,LAC,175.0,4,182.0,126.0,171.0,,,,172.0
175,Jerry Jeudy,WR,CLE,175.72,5,143.0,,196.6,156.0,,195.0,188.0
176,Tank Bigsby,RB,PHI,175.84,5,151.0,,189.3,168.0,,169.9,201.0
177,Jauan Jennings,WR,MIN,176.08,6,204.0,197.0,165.1,155.0,,179.4,156.0
178,Dylan Sampson,RB,CLE,177.8,5,195.0,,191.3,151.0,,166.7,185.0
179,Shedeur Sanders,QB,CLE,178.1,5,206.0,,181.2,205.0,,132.3,166.0
180,New England Patriots,DST,NE,178.93,4,177.0,172.0,177.7,,,,189.0
181,Baltimore Ravens,DST,BAL,180.65,4,174.0,195.0,175.6,,,,178.0
182,Andres Borregales,K,NE,182.07,3,,142.0,212.2,,,,192.0
183,Tre Tucker,WR,LV,182.58,5,160.0,,197.3,164.0,,174.6,217.0
184,Dalton Schultz,TE,HOU,182.8,6,258.0,196.0,150.6,171.0,,171.2,150.0
185,De'Zhaun Stribling,WR,SF,183.32,5,157.0,,155.8,176.0,,179.8,248.0
186,Cam Little,K,JAX,183.88,4,188.0,146.0,175.5,,,,226.0
187,Deshaun Watson,QB,CLE,184.5,5,167.0,,214.7,187.0,,120.8,233.0
188,Jalen Nailor,WR,LV,186.7,5,193.0,,180.4,178.0,,167.1,215.0
189,Terrance Ferguson,TE,LAR,186.76,5,164.0,,194.2,214.0,,187.6,174.0
190,Adonai Mitchell,WR,NYJ,187.4,5,156.0,,222.3,162.0,,192.7,204.0
191,Antonio Williams,WR,WAS,189.3,5,159.0,,198.8,198.0,,197.7,193.0
192,Harrison Mevis,K,LAR,190.7,4,184.0,125.0,204.1,,,,184.0
193,Kirk Cousins,QB,LV,191.96,5,207.0,,183.9,196.0,,149.9,223.0
194,Minnesota Vikings,DST,MIN,191.97,3,,174.0,207.9,,,,194.0
195,Harrison Butker,K,KC,193.65,4,187.0,141.0,210.6,,,,236.0
196,Ka'imi Fairbairn,K,HOU,193.77,4,185.0,133.0,174.3,,,,222.0
197,James Conner,RB,ARI,194.88,5,201.0,,188.0,181.0,,231.4,173.0
198,AJ Barner,TE,SEA,195.06,5,263.0,,157.9,186.0,,177.4,191.0
199,Detroit Lions,DST,DET,195.22,4,178.0,186.0,209.9,,,,207.0
200,Mike Washington Jr.,RB,LV,195.38,5,163.0,,201.2,199.0,,207.7,206.0
201,Braelon Allen,RB,NYJ,196.0,5,197.0,,202.3,174.0,,203.7,203.0
202,Calvin Ridley,WR,TEN,196.9,5,153.0,,250.2,183.0,,202.3,196.0
203,Antonio Brown,WR,,200.03,3,36.0,,519.5,,,44.6,
204,Pittsburgh Steelers,DST,PIT,200.95,4,171.0,192.0,206.8,,,,234.0
205,Emmett Johnson,RB,KC,201.58,5,255.0,,190.5,190.0,,191.4,181.0
206,Ray Davis,RB,BUF,203.38,5,161.0,,242.1,188.0,,187.8,238.0
207,Gunnar Helm,TE,TEN,204.12,5,259.0,,182.4,197.0,,180.2,202.0
208,Colby Parkinson,TE,LAR,206.05,4,,,226.7,224.0,,210.5,163.0
209,Zachariah Branch,WR,ATL,207.2,5,210.0,,193.6,208.0,,203.4,221.0
210,Tre' Harris,WR,LAC,207.86,5,227.0,,221.1,172.0,,187.2,232.0
211,Nicholas Singleton,RB,TEN,209.12,5,216.0,,199.4,202.0,,212.2,216.0
212,Eddy Pineiro,K,SF,209.43,4,186.0,139.0,213.3,,,,229.0
213,Nathaniel Dell,WR,HOU,209.56,5,205.0,,199.2,204.0,,208.6,231.0
214,MarShawn Lloyd,RB,GB,210.22,4,224.0,,219.0,210.0,,187.9,
215,Josh Love,QB,,211.4,2,,,381.8,,41.0,,
216,Pat Freiermuth,TE,PIT,212.3,4,235.0,,217.3,207.0,,189.9,
217,Kimani Vidal,RB,LAC,212.34,5,218.0,,231.1,179.0,,220.6,213.0
218,Cade Otton,TE,TB,212.4,5,273.0,,186.8,209.0,,185.2,208.0
219,Germie Bernard,WR,PIT,213.18,5,158.0,,236.9,213.0,,202.0,256.0
220,Kayshon Boutte,WR,NE,213.48,5,245.0,,229.2,177.0,,219.2,197.0
221,Jake Bates,K,DET,213.7,4,189.0,129.0,207.1,,,,245.0
222,Malik Washington,WR,MIA,214.38,4,241.0,,215.7,191.0,,209.8,
223,Isaac TeSlaa,WR,DET,214.4,5,234.0,,223.7,195.0,,191.3,228.0
224,Chris Boswell,K,PIT,214.43,4,238.0,157.0,205.7,,,,257.0
225,Kaytron Allen,RB,WAS,214.48,5,215.0,,237.1,206.0,,196.3,218.0
226,Ryan Flournoy,WR,DAL,215.78,5,228.0,,225.0,175.0,,182.9,268.0
227,Sean Tucker,RB,TB,218.4,5,257.0,,247.1,182.0,,180.9,225.0
228,Will Reichard,K,MIN,220.62,4,192.0,151.0,263.5,,,,276.0
229,David Njoku,TE,LAC,220.7,5,300.0,,191.1,216.0,,235.4,161.0
230,Troy Franklin,WR,DEN,220.72,4,,,249.0,184.0,,237.9,212.0
231,Kansas City Chiefs,DST,KC,221.28,4,179.0,198.0,268.1,,,,240.0
232,Los Angeles Chargers,DST,LAC,221.65,4,180.0,191.0,263.6,,,,252.0
233,Eli Stowers,TE,PHI,221.95,4,,,223.4,232.0,,222.4,210.0
234,Trey Benson,RB,ARI,222.43,4,,,235.8,248.0,,237.9,168.0
235,Dontayvion Wicks,WR,PHI,222.78,4,265.0,,230.4,189.0,,206.7,
236,Jacksonville Jaguars,DST,JAX,222.8,4,267.0,193.0,211.2,,,,220.0
237,Greg Dulcich,TE,MIA,222.95,4,272.0,,215.2,219.0,,185.6,
238,Mason Taylor,TE,NYJ,223.97,4,,,245.7,241.0,,239.2,170.0
239,Pat Bryant,WR,DEN,226.2,5,274.0,,231.7,194.0,,217.3,214.0
240,Tyreek Hill,WR,MIA,226.5,3,,,228.5,264.0,,,187.0
241,JJ. McCarthy,QB,MIN,227.9,5,209.0,,241.3,303.0,,209.2,177.0
242,Darnell Mooney,WR,NYG,228.32,5,211.0,,260.2,193.0,,224.4,253.0
243,Jason Myers,K,SEA,228.57,4,183.0,123.0,203.7,,,,299.0
244,Justice Hill,RB,BAL,228.62,4,202.0,,271.1,221.0,,220.4,
245,Theo Johnson,TE,NYG,229.82,4,,,253.7,245.0,,238.6,182.0
246,Kaelon Black,RB,SF,230.8,4,214.0,,247.5,250.0,,211.7,
247,Jordan James,RB,SF,232.05,4,200.0,,273.2,238.0,,217.0,
248,Ja'Kobi Lane,WR,BAL,232.74,5,247.0,,183.1,266.0,,232.6,235.0
249,Demond Claiborne,RB,MIN,232.78,5,217.0,,246.4,233.0,,225.5,242.0
250,Jaylen Wright,RB,MIA,232.9,5,219.0,,255.9,212.0,,236.6,241.0
251,Chimere Dike,WR,TEN,233.45,4,,,255.9,211.0,,239.9,227.0
252,Jaydon Blue,RB,DAL,233.54,5,250.0,,238.5,215.0,,194.2,270.0
253,Rashod Bateman,WR,BAL,233.68,5,203.0,,258.2,203.0,,225.2,279.0
254,Tyler Loop,K,BAL,236.13,4,190.0,124.0,267.4,,,,251.0
255,Cooper Kupp,WR,SEA,236.26,5,243.0,,244.8,201.0,,223.5,269.0
256,Jaylin Noel,WR,HOU,236.48,5,231.0,,279.2,185.0,,238.2,249.0
257,Malachi Fields,WR,NYG,237.28,4,,,239.7,234.0,,236.4,239.0
258,Carson Beck,QB,ARI,238.2,5,229.0,,218.7,327.0,,158.3,258.0
259,Emanuel Wilson,RB,SEA,238.72,5,279.0,,261.4,200.0,,234.2,219.0
260,George Holani,RB,SEA,240.18,4,251.0,,271.3,228.0,,210.4,
261,Chris Bell,WR,MIA,240.24,5,240.0,,251.3,227.0,,238.9,244.0
262,Ted Hurst III,WR,TB,241.14,5,248.0,,243.3,236.0,,219.4,259.0
263,Jake Tonges,TE,SF,241.78,4,,,234.5,272.0,,236.6,224.0
264,Cyrus Allen,WR,KC,243.33,3,,,220.4,285.0,,224.6,
265,Wil Lutz,K,DEN,243.53,3,,147.0,305.6,,,,278.0
266,Evan Engram,TE,DEN,243.65,4,299.0,,239.1,217.0,,219.5,
267,Ty Simpson,QB,LAR,244.22,4,,,227.0,343.0,,239.9,167.0
268,Brandon Aiyuk,WR,SF,244.58,5,246.0,,294.1,244.0,,239.8,199.0
269,Samaje Perine,RB,CIN,245.25,4,222.0,,278.8,246.0,,234.2,
270,Chase McLaughlin,K,TB,245.62,4,239.0,149.0,303.5,,,,291.0
271,Elic Ayomanor,WR,TEN,245.9,4,,,290.7,223.0,,239.9,230.0
272,Keenan Allen,WR,LAC,246.27,3,,,,256.0,,220.8,262.0
273,Ollie Gordon II,RB,MIA,247.78,4,220.0,,315.3,218.0,,237.8,
274,LeQuint Allen Jr.,RB,JAX,248.8,4,223.0,,287.0,247.0,,238.2,
275,Mike Gesicki,TE,CIN,249.28,4,298.0,,233.4,260.0,,205.7,
276,Keon Coleman,WR,BUF,249.56,5,249.0,,259.3,222.0,,236.5,281.0
277,Jack Bech,WR,LV,252.08,5,233.0,,284.2,220.0,,239.2,284.0
278,Tory Horton,WR,SEA,252.84,5,275.0,,254.6,226.0,,237.6,271.0
279,Najee Harris,RB,LAC,253.23,3,,,,270.0,,239.7,250.0
280,Elijah Sarratt,WR,BAL,254.0,5,276.0,,257.3,231.0,,230.7,275.0
281,Mac Jones,QB,SF,254.0,5,262.0,,252.1,335.0,,222.9,198.0
282,Green Bay Packers,DST,GB,254.33,3,237.0,,265.0,,,,261.0
283,Christian Kirk,WR,SF,255.78,4,,,295.8,229.0,,235.3,263.0
284,Caleb Douglas,WR,MIA,257.88,4,244.0,,269.4,282.0,,236.1,
285,Isaiah Davis,RB,NYJ,258.98,4,254.0,,322.1,225.0,,234.8,
286,Xavier Legette,WR,CAR,258.98,4,232.0,,324.4,242.0,,237.5,
287,Adam Randall,RB,BAL,259.52,4,221.0,,310.1,267.0,,240.0,
288,Tyquan Thornton,WR,KC,260.05,4,282.0,,289.5,240.0,,228.7,
289,Darnell Washington,TE,PIT,260.37,3,,,274.0,280.0,,227.1,
290,Ty Johnson,RB,BUF,261.25,4,252.0,,329.0,230.0,,234.0,
291,Buffalo Bills,DST,BUF,261.4,3,,194.0,302.2,,,,288.0
292,Justin Fields,QB,KC,262.2,5,230.0,,275.1,360.0,,234.9,211.0
293,Kaleb Johnson,RB,PIT,264.33,3,,,299.0,251.0,,,243.0
294,Skyler Bell,WR,BUF,264.5,3,,,286.3,268.0,,239.2,
295,Marvin Mims Jr.,WR,DEN,264.62,5,293.0,,297.5,239.0,,239.6,254.0
296,Devaughn Vele,WR,NO,264.88,4,,,288.0,249.0,,237.5,285.0
297,Jerome Ford,RB,WAS,265.0,1,,,,265.0,,,
298,Joe Mixon,RB,,265.83,3,,,300.5,288.0,,,209.0
299,Emari Demercado,RB,KC,266.77,4,253.0,,317.6,257.0,,239.5,
300,Michael Mayer,TE,LV,267.5,3,,,276.4,299.0,,227.1,
301,Chris Brooks,RB,GB,268.73,3,256.0,,313.2,237.0,,,
302,Darius Slayton,WR,NYG,268.98,4,280.0,,321.2,235.0,,239.7,
303,Elijah Arroyo,TE,SEA,270.57,3,,,277.2,295.0,,239.5,
304,Anthony Richardson Sr.,QB,IND,272.2,4,,,291.9,358.0,,238.9,200.0
305,Andrei Iosivas,WR,CIN,272.62,4,283.0,,293.6,276.0,,237.9,
306,Cade Klubnik,QB,NYJ,273.77,3,,,283.8,,,237.5,300.0
307,Cole Kmet,TE,CHI,274.63,3,,,282.3,302.0,,239.6,
308,Evan McPherson,K,CIN,275.3,4,269.0,128.0,262.9,,,,294.0
309,Devin Neal,RB,NO,276.83,3,,,332.5,252.0,,,246.0
310,New York Giants,DST,NYG,277.0,2,,,307.0,,,,247.0
311,Dawson Knox,TE,BUF,277.3,3,,,285.5,308.0,,238.4,
312,Seth McGowan,RB,IND,277.9,4,290.0,,309.4,273.0,,239.2,
313,Eli Raridon,TE,NE,278.37,3,,,281.9,315.0,,238.2,
314,Kyle Williams,WR,NE,282.2,3,,,327.6,259.0,,,260.0
315,Cedric Tillman,WR,CLE,283.0,1,,,,283.0,,,
316,Jahan Dotson,WR,ATL,283.27,4,284.0,,319.1,292.0,,238.0,
317,Dallas Cowboys,DST,DAL,283.3,2,,,301.6,,,,265.0
318,Oscar Delp,TE,NO,285.15,2,,,316.3,254.0,,,
319,Nick Westbrook-Ikhine,WR,IND,286.0,2,,,,332.0,,240.0,
320,Garrett Nussmeier,QB,KC,286.4,2,,,335.8,,,,237.0
321,Brashard Smith,RB,KC,286.87,3,,,331.6,263.0,,,266.0
322,Kendre Miller,RB,NO,288.27,4,291.0,,337.1,261.0,,,264.0
323,San Francisco 49ers,DST,SF,288.75,2,,,303.5,,,,274.0
324,Darren Waller,TE,CAR,289.17,3,,,266.3,362.0,,239.2,
325,Kareem Hunt,RB,KC,290.0,1,,,,290.0,,,
326,Brenen Thompson,WR,LAC,290.07,3,,,318.7,312.0,,239.5,
327,Konata Mumpfield,WR,LAR,291.0,1,,,,291.0,,,
328,Justin Joly,TE,DEN,291.47,3,,,319.2,316.0,,239.2,
329,Chicago Bears,DST,CHI,291.5,3,295.0,,306.5,,,,273.0
330,Jalen Milroe,QB,SEA,292.5,2,,,330.0,,,,255.0
331,Ja'Tavion Sanders,TE,CAR,292.97,3,,,339.7,301.0,,238.2,
332,Max Klare,TE,LAR,293.67,3,,,295.0,294.0,,,292.0
333,KaVontae Turpin,WR,DAL,293.7,3,,,311.6,330.0,,239.5,
334,Mitchell Evans,TE,CAR,296.95,2,,,,354.0,,239.9,
335,Charlie Kolar,TE,LAC,297.27,3,,,314.9,349.0,,227.9,
336,Joe Flacco,QB,CIN,300.35,4,261.0,,311.3,391.0,,238.1,
337,Zavion Thomas,WR,CHI,301.83,3,,,326.3,340.0,,239.2,
338,Jarquez Hunter,RB,LAR,302.57,3,,,341.7,277.0,,,289.0
339,Audric Estime,RB,NO,302.6,3,,,343.8,281.0,,,283.0
340,Will Howard,QB,PIT,305.05,2,,,333.1,,,,277.0
341,Jawhar Jordan,RB,HOU,306.0,2,292.0,,,320.0,,,
342,Bam Knight,RB,ARI,309.0,1,,,,309.0,,,
343,Dyami Brown,WR,WAS,312.0,2,277.0,,,347.0,,,
344,Cairo Santos,K,CHI,312.15,4,191.0,143.0,628.6,,,,286.0
345,Tai Felton,WR,MIN,312.95,2,,,,386.0,,239.9,
346,Noah Gray,TE,KC,313.5,2,,,323.0,304.0,,,
347,DeMario Douglas,WR,NE,313.95,2,,,327.9,300.0,,,
348,Michael Carter,RB,TEN,314.0,1,,,,314.0,,,
349,Quinn Ewers,QB,MIA,316.0,2,,,336.0,,,,296.0
350,Tim Patrick,WR,NYJ,318.25,2,,,,397.0,,239.5,
351,Marcus Mariota,QB,WAS,319.17,3,,,325.5,365.0,,,267.0
352,Xavier Hutchinson,WR,HOU,321.0,1,,,,321.0,,,
353,Raheim Sanders,RB,CLE,322.0,1,,,,322.0,,,
354,Noah Fant,TE,NO,323.0,1,,,,323.0,,,
355,Jameis Winston,QB,NYG,323.77,4,,,292.8,488.0,,234.3,280.0
356,Jaylin Lane,WR,WAS,328.0,1,,,,328.0,,,
357,Trey Smack,K,GB,332.1,3,296.0,179.0,521.3,,,,
358,Jake Elliott,K,PHI,332.38,4,297.0,152.0,582.5,,,,298.0
359,Jordan Whittington,WR,LAR,337.0,1,,,,337.0,,,
360,Mike Nugent,K,,338.0,1,,,338.0,,,,
361,Davis Cheek,QB,,339.0,1,,,339.0,,,,
362,Devontez Walker,WR,BAL,339.0,1,,,,339.0,,,
363,Clayton Tune,QB,,340.0,1,,,340.0,,,,
364,Riley Leonard,QB,IND,340.07,3,,,335.2,413.0,,,272.0
365,Ben Sinnott,TE,WAS,341.0,1,,,,341.0,,,
366,Randy Bullock,K,,341.0,1,,,341.0,,,,
367,Blake Watson,RB,,342.0,1,,,342.0,,,,
368,John Bates,TE,WAS,342.0,1,,,,342.0,,,
369,Greg Zuerlein,K,,343.0,1,,,343.0,,,,
370,DaeSean Hamilton,WR,,344.0,1,,,344.0,,,,
371,Jam Miller,RB,NE,344.0,1,,,,344.0,,,
372,Anders Carlson,K,,345.0,1,,,345.0,,,,
373,Austin Ekeler,RB,,345.0,1,,,,345.0,,,
374,Travell Harris,WR,,346.0,1,,,346.0,,,,
375,Jonathan Garibay,K,,347.0,1,,,347.0,,,,
376,Brenden Rice,WR,,348.0,1,,,348.0,,,,
377,Deion Burks,WR,IND,348.0,1,,,,348.0,,,
378,Graham Gano,K,,349.0,1,,,349.0,,,,
379,Rodrigo Blankenship,K,,350.7,1,,,350.7,,,,
380,Ashton Dulin,WR,IND,351.0,1,,,,351.0,,,
381,Stephen Hauschka,K,,351.0,1,,,351.0,,,,
382,Alex Hale,K,,352.0,1,,,352.0,,,,
383,Sione Vaki,RB,DET,352.0,1,,,,352.0,,,
384,Christopher Dunn,K,,353.0,1,,,353.0,,,,
385,Dayton Wade,WR,BAL,354.0,1,,,354.0,,,,
386,Jeremy McNichols,RB,WAS,355.0,1,,,,355.0,,,
387,Lamar Jordan,QB,,355.0,1,,,355.0,,,,
388,Michael Trigg,TE,DAL,355.93,3,,,334.8,440.0,,,293.0
389,Austin Hooper,TE,ATL,356.0,1,,,,356.0,,,
390,Golden Tate,WR,,356.0,1,,,356.0,,,,
391,Dameon Pierce,RB,PHI,357.0,1,,,,357.0,,,
392,Matthew Trickett,K,,357.0,1,,,357.0,,,,
393,DJ Giddens,RB,IND,357.9,4,264.0,,691.4,243.0,,233.2,
394,Dane Key,WR,DEN,358.0,1,,,358.0,,,,
395,Malik Davis,RB,DAL,358.5,4,278.0,,663.6,253.0,,239.4,
396,Kai Forbath,K,,359.0,1,,,359.0,,,,
397,Terrell Jennings,RB,NE,359.0,1,,,,359.0,,,
398,Terion Stewart,RB,KC,359.5,1,,,359.5,,,,
399,Camren McDonald,TE,,361.0,1,,,361.0,,,,
400,Jalen Tolbert,WR,MIA,361.82,4,242.0,,683.2,284.0,,238.1,
401,Xavier Guillory,WR,BAL,362.0,1,,,362.0,,,,
402,Roschon Johnson,RB,CHI,363.0,1,,,,363.0,,,
403,Hunter Luepke,RB,DAL,364.0,1,,,,364.0,,,
404,Odell Beckham Jr.,WR,NYG,364.5,2,,,308.0,421.0,,,
405,Cody Fajardo,QB,,365.0,1,,,365.0,,,,
406,Shea Patterson,QB,,366.0,1,,,366.0,,,,
407,Mark Gronowski,QB,MIA,367.0,1,,,367.0,,,,
408,Mitch Tinsley,WR,CIN,367.0,1,,,,367.0,,,
409,Xazavian Valladay,RB,,368.0,1,,,368.0,,,,
410,Matt Corral,QB,,369.0,1,,,369.0,,,,
411,Cleveland Browns,DST,CLE,369.05,2,176.0,,562.1,,,,
412,Tampa Bay Buccaneers,DST,TB,369.67,3,236.0,,578.0,,,,295.0
413,Brandon Williams,TE,,370.0,1,,,370.0,,,,
414,Mike White,QB,,371.0,1,,,371.0,,,,
415,Nick Folk,K,ATL,371.47,3,270.0,159.0,685.4,,,,
416,Uzoma Nwachukwu,WR,,372.0,1,,,372.0,,,,
417,Bronson Rechsteiner,RB,,373.0,1,,,373.0,,,,
418,Treylon Burks,WR,WAS,373.95,4,281.0,,669.3,306.0,,239.5,
419,Roland Rivers,QB,,374.0,1,,,374.0,,,,
420,Ty Chandler,RB,NO,374.0,1,,,,374.0,,,
421,Jaret Patterson,RB,LAC,374.5,2,,,377.0,372.0,,,
422,Anthony Landphere,TE,,375.0,1,,,375.0,,,,
423,Damien Martinez,RB,GB,375.0,1,,,,375.0,,,
424,Tommy Myers,TE,,376.0,1,,,,376.0,,,
425,Travis Benjamin,WR,,376.0,1,,,376.0,,,,
426,Cash Jones,RB,ATL,378.0,1,,,,378.0,,,
427,Tyre Brady,WR,,378.5,1,,,378.5,,,,
428,Elijah Higgins,TE,ARI,379.0,1,,,,379.0,,,
429,Derek Wright,WR,,379.8,1,,,379.8,,,,
430,Chase Daniel,QB,,380.0,1,,,380.0,,,,
431,Charlie Smyth,K,NO,381.1,2,,163.0,599.2,,,,
432,Corey Sutton,WR,,382.9,1,,,382.9,,,,
433,Aeneas Dennis,QB,,383.0,1,,,383.0,,,,
434,Mo Alie-Cox,TE,IND,383.0,1,,,,383.0,,,
435,Jason Witten,TE,,383.2,1,,,383.2,,,,
436,Matt Prater,K,,385.8,1,,,385.8,,,,
437,Brady Cook,QB,NYJ,386.5,1,,,386.5,,,,
438,Squirrel White,WR,,387.0,1,,,387.0,,,,
439,Scotty Miller,WR,CHI,387.35,2,,,397.7,377.0,,,
440,Zavier Scott,RB,MIN,389.0,1,,,,389.0,,,
441,AJ. Ouellette,RB,,389.1,1,,,389.1,,,,
442,Isaiah Bond,WR,CLE,389.63,3,,,659.9,269.0,,240.0,
443,Josh Oliver,TE,MIN,390.0,1,,,,390.0,,,
444,Britain Covey,WR,PHI,390.3,1,,,390.3,,,,
445,Gabe Nabers,RB,,391.0,1,,,391.0,,,,
446,Ray-Ray McCloud,WR,CHI,391.5,1,,,391.5,,,,
447,James Proche,WR,,393.0,1,,,393.0,,,,
448,Tanner Koziol,TE,JAX,394.0,1,,,,394.0,,,
449,Stephen Gostkowski,K,,394.2,1,,,394.2,,,,
450,Emmanuel Henderson,WR,SEA,395.3,1,,,395.3,,,,
451,Kalil Pimpleton,WR,,396.0,1,,,396.0,,,,
452,Tyler Lockett,WR,LV,396.0,1,,,,396.0,,,
453,Indianapolis Colts,DST,IND,397.67,3,268.0,,643.0,,,,282.0
454,Hollywood Brown,WR,PHI,397.87,3,,,699.0,255.0,,239.6,
455,Jakobie Keeney-James,WR,PIT,398.0,1,,,,398.0,,,
456,Jimmy Kibble,WR,NE,398.3,1,,,398.3,,,,
457,Greg Bell,RB,,399.0,1,,,399.0,,,,
458,AJ. Richardson,WR,,399.8,1,,,399.8,,,,
459,Antonio Gibson,RB,,400.0,1,,,,400.0,,,
460,Marquez Valdes-Scantling,WR,DAL,401.0,1,,,,401.0,,,
461,Noah Brown,WR,LV,401.0,1,,,401.0,,,,
462,Jahdae Walker,WR,CHI,402.0,1,,,,402.0,,,
463,Paul Richardson,WR,,402.0,1,,,402.0,,,,
464,Kendrick Bourne,WR,ARI,402.43,3,,,657.9,310.0,,239.4,
465,Miles Sanders,RB,,403.0,1,,,,403.0,,,
466,Jack Coan,QB,,403.8,1,,,403.8,,,,
467,Kevin Austin Jr.,WR,NO,404.0,1,,,,404.0,,,
468,Joey Slye,K,TEN,404.55,2,,178.0,631.1,,,,
469,Chris Moore,WR,BAL,405.8,1,,,405.8,,,,
470,Matt Gay,K,LV,406.5,2,,169.0,644.0,,,,
471,Xavier Loyd,WR,KC,406.6,1,,,406.6,,,,
472,Jordan Waters,RB,LAR,407.0,1,,,,407.0,,,
473,Tyler Badie,RB,DEN,407.0,2,287.0,,,527.0,,,
474,Chris Naggar,K,,407.1,1,,,407.1,,,,
475,Trace McSorley,QB,,407.8,1,,,407.8,,,,
476,Robert Henry Jr.,RB,WAS,407.9,2,,,422.8,393.0,,,
477,Luke Schoonmaker,TE,DAL,408.0,1,,,,408.0,,,
478,Andre Szmyt,K,CLE,408.65,2,,190.0,627.3,,,,
479,Travon McMillian,RB,,409.0,1,,,409.0,,,,
480,Elijah Tau-Tolliver,RB,BAL,410.0,1,,,,410.0,,,
481,Justin Tucker,K,,410.3,1,,,410.3,,,,
482,Nate Boerkircher,TE,JAX,411.0,1,,,,411.0,,,
483,Joshua Palmer,WR,BUF,411.17,3,,,688.6,305.0,,239.9,
484,Josh Pederson,TE,,411.8,1,,,411.8,,,,
485,Devin Singletary,RB,NYG,411.9,3,286.0,,687.7,262.0,,,
486,Erick All Jr.,TE,CIN,411.93,3,,,685.6,313.0,,237.2,
487,Fred Brown,WR,,412.0,1,,,412.0,,,,
488,Sterling Shepard,WR,,412.0,1,,,,412.0,,,
489,Chad Ryland,K,ARI,412.3,2,,187.0,637.6,,,,
490,Blake Grupe,K,IND,412.45,2,,155.0,669.9,,,,
491,Camden Brown,WR,DAL,413.6,1,,,413.6,,,,
492,Xavier Smith,WR,LAR,414.0,1,,,,414.0,,,
493,Tahj Brooks,RB,CIN,414.17,3,288.0,,683.5,271.0,,,
494,Jarvis Landry,WR,,414.5,1,,,414.5,,,,
495,Raheem Mostert,RB,LV,415.0,1,,,,415.0,,,
496,Bryce Lance,WR,NO,415.4,3,,,695.7,311.0,,239.5,
497,Hassan Haskins,RB,NE,415.5,1,,,415.5,,,,
498,Will Shipley,RB,PHI,415.67,3,285.0,,676.0,286.0,,,
499,Cole Kelley,QB,,415.8,1,,,415.8,,,,
500,Sam Roush,TE,CHI,417.0,1,,,,417.0,,,
501,Parker White,K,,417.2,1,,,417.2,,,,
502,Tutu Atwell,WR,MIA,417.5,3,,,689.6,324.0,,238.9,
503,Ryan Fitzgerald,K,CAR,417.7,2,,168.0,667.4,,,,
504,Savion Williams,WR,GB,417.87,3,266.0,,653.6,334.0,,,
505,Zay Jones,WR,,418.0,1,,,,418.0,,,
506,Tony Brooks-James,RB,,418.5,1,,,418.5,,,,
507,Trevor Etienne,RB,CAR,418.9,3,289.0,,693.7,274.0,,,
508,Graig Cooper,RB,,419.0,1,,,,419.0,,,
509,Spencer Sanders,QB,,419.5,1,,,419.5,,,,
510,AJ. Green,WR,,420.8,1,,,420.8,,,,
511,Cody Schrader,RB,DEN,421.0,1,,,421.0,,,,
512,Jason Sanders,K,NYJ,421.25,2,,160.0,682.5,,,,
513,Drew Sample,TE,CIN,422.0,1,,,,422.0,,,
514,Chris Brazzell II,WR,CAR,422.2,3,,,700.6,279.0,,,287.0
515,Cincinnati Bengals,DST,CIN,422.25,2,294.0,,550.5,,,,
516,Jake Moody,K,WAS,422.55,2,,161.0,684.1,,,,
517,Jalen Simmons,RB,,423.0,1,,,423.0,,,,
518,Phil Mafah,RB,DAL,423.33,3,,,694.1,336.0,,239.9,
519,Jalen McCleskey,WR,,424.0,1,,,424.0,,,,
520,Mikey Daniel,RB,,425.5,1,,,425.5,,,,
521,Elijah Mitchell,RB,PHI,426.0,1,,,,426.0,,,
522,Taulia Tagovailoa,QB,,426.5,1,,,426.5,,,,
523,DJ. Montgomery,WR,IND,427.0,1,,,427.0,,,,
524,Salvon Ahmed,RB,CHI,427.0,1,,,,427.0,,,
525,Malik Benson,WR,LV,427.2,3,,,668.9,373.0,,239.7,
526,Ian Book,QB,,428.2,1,,,428.2,,,,
527,Greg Dortch,WR,DET,428.4,3,,,699.3,346.0,,239.9,
528,Alec Ingold,RB,LAC,429.0,1,,,,429.0,,,
529,Marshawn Lynch,RB,,429.0,1,,,429.0,,,,
530,Donovan Edwards,RB,MIA,429.5,2,,,443.0,416.0,,,
531,Nathan Carter,RB,ATL,430.0,2,,,388.0,472.0,,,
532,Josh Imatorbhebhe,WR,,430.1,1,,,430.1,,,,
533,Tanner Brown,K,NO,431.5,1,,,431.5,,,,
534,Peyton Hendershot,TE,,431.8,1,,,431.8,,,,
535,Michael Woods II,WR,DEN,432.0,1,,,,432.0,,,
536,Jack Endries,TE,CIN,433.0,1,,,,433.0,,,
537,Tre' McKitty,TE,WAS,433.0,1,,,433.0,,,,
538,Jackson Hawes,TE,BUF,434.0,1,,,,434.0,,,
539,Brandon McManus,K,GB,434.8,1,,,434.8,,,,
540,Stephon Robinson,WR,,435.0,1,,,435.0,,,,
541,Reggie Gilliam,RB,NE,435.15,2,,,442.3,428.0,,,
542,Geor'Quarius Spivey,TE,,436.5,1,,,436.5,,,,
543,Kendric Pryor,WR,CIN,437.0,1,,,,437.0,,,
544,Adam Vinatieri,K,,437.4,1,,,437.4,,,,
545,Jake Haener,QB,NYG,438.0,1,,,438.0,,,,
546,Joe Milton III,QB,DAL,438.33,3,,,688.3,387.0,,239.7,
547,Stephen Carlson,TE,CHI,439.0,1,,,439.0,,,,
548,Taylor Heinicke,QB,,439.5,1,,,439.5,,,,
549,Dez Bryant,WR,,441.9,1,,,441.9,,,,
550,Dohnte Meyers,WR,CIN,442.0,2,,,448.0,436.0,,,
551,Durham Smythe,TE,BAL,442.0,1,,,,442.0,,,
552,Dean Connors,RB,LAR,442.65,2,,,404.3,481.0,,,
553,Brandin Cooks,WR,,443.0,1,,,,443.0,,,
554,Thomas Fidone II,TE,NYG,444.0,1,,,,444.0,,,
555,Jake Funk,RB,,444.5,1,,,444.5,,,,
556,KeAndre Lambert-Smith,WR,LAC,445.0,1,,,,445.0,,,
557,Matt Moore,QB,,445.5,1,,,445.5,,,,
558,Jacardia Wright,RB,SEA,446.0,1,,,,446.0,,,
559,Blake Bortles,QB,NO,446.3,1,,,446.3,,,,
560,Mason Kinsey,WR,TEN,447.0,1,,,447.0,,,,
561,Ameer Abdullah,RB,JAX,449.0,1,,,,449.0,,,
562,Ricky Person,RB,,449.3,1,,,449.3,,,,
563,Larry Fitzgerald,WR,,450.4,1,,,450.4,,,,
564,AJ. Rose,RB,,451.0,1,,,451.0,,,,
565,Sincere McCormick,RB,SF,451.0,1,,,,451.0,,,
566,Alex Quevedo,K,,452.0,1,,,452.0,,,,
567,Atlanta Falcons,DST,ATL,452.0,2,,,614.0,,,,290.0
568,Cody Parkey,K,,453.0,1,,,453.0,,,,
569,Russell Gage Jr.,WR,,453.0,1,,,,453.0,,,
570,Dylan Laube,RB,LV,453.45,2,,,535.9,371.0,,,
571,Todd Gurley,RB,,454.5,1,,,454.5,,,,
572,Tony Poljan,TE,,455.5,1,,,455.5,,,,
573,Kylin Hill,RB,,456.0,1,,,456.0,,,,
574,Max Bredeson,RB,MIN,456.0,1,,,,456.0,,,
575,Cam Worthy,WR,,457.0,1,,,457.0,,,,
576,Tyler Conklin,TE,DET,457.0,1,,,,457.0,,,
577,Moliki Matavao,TE,NO,459.0,1,,,,459.0,,,
578,Sam Hartman,QB,WAS,459.5,1,,,459.5,,,,
579,Tyson Bagent,QB,CHI,459.8,2,,,679.9,,,239.7,
580,Tanner Hudson,TE,CIN,460.0,1,,,,460.0,,,
581,Adam Humphries,WR,,460.3,1,,,460.3,,,,
582,Jabari Small,RB,DET,461.0,1,,,,461.0,,,
583,DeMeer Blankumsee,WR,,461.8,1,,,461.8,,,,
584,Eli Jenkins,QB,,462.0,1,,,462.0,,,,
585,Josh Reynolds,WR,,462.0,1,,,,462.0,,,
586,Jeremy Ruckert,TE,NYJ,463.0,1,,,,463.0,,,
587,Simi Fehoko,WR,ARI,463.5,1,,,463.5,,,,
588,Tristan Vizcaino,K,,463.5,1,,,463.5,,,,
589,Kendrick Law,WR,DET,464.0,1,,,,464.0,,,
590,Myles Montgomery,RB,NE,464.25,2,,,523.5,405.0,,,
591,Van Jefferson,WR,WAS,465.0,1,,,,465.0,,,
592,Ricky White,WR,SEA,465.8,1,,,465.8,,,,
593,Jaheim Bell,TE,PIT,466.0,1,,,,466.0,,,
594,Carolina Panthers,DST,CAR,466.45,2,,,635.9,,,,297.0
595,Noah Whittington,RB,HOU,466.5,2,,,485.0,448.0,,,
596,Taylen Green,QB,CLE,466.65,2,,,694.8,,,238.5,
597,Riley Neal,QB,,466.8,1,,,466.8,,,,
598,Ryan Becker,TE,,467.0,1,,,467.0,,,,
599,Mason Tipton,WR,NO,468.0,1,,,,468.0,,,
600,Gary Jennings,WR,,468.5,1,,,468.5,,,,
601,Gardner Minshew II,QB,ARI,468.7,2,,,698.0,,,239.4,
602,Davis Koppenhaver,TE,,469.5,1,,,469.5,,,,
603,Tim Tebow,TE,,470.7,1,,,470.7,,,,
604,Teagan Quitoriano,TE,ARI,471.2,1,,,471.2,,,,
605,Mack Hollins,WR,NE,471.6,2,,,685.2,258.0,,,
606,Mike Rigerman,TE,,472.0,1,,,472.0,,,,
607,Tyler Higbee,TE,LAR,472.55,2,,,649.1,296.0,,,
608,Coleman Owen,WR,IND,473.0,1,,,,473.0,,,
609,Tim Cook,RB,,473.0,1,,,473.0,,,,
610,Derek Carr,QB,,474.0,1,,,474.0,,,,
611,Jeshaun Jones,WR,MIN,474.0,1,,,,474.0,,,
612,Evan Hull,RB,ARI,475.0,1,,,,475.0,,,
613,Athan Kaliakmanis,QB,WAS,475.3,1,,,475.3,,,,
614,Frank Gore Jr.,RB,BUF,475.6,2,,,531.2,420.0,,,
615,Cade Stover,TE,HOU,476.0,1,,,,476.0,,,
616,Skyler Howard,QB,SEA,476.0,1,,,476.0,,,,
617,Alexander Mattison,RB,,477.0,1,,,,477.0,,,
618,AT. Perry,WR,,477.3,1,,,477.3,,,,
619,Tez Johnson,WR,TB,477.3,2,,,665.6,289.0,,,
620,Quez Watkins,WR,PHI,478.0,1,,,,478.0,,,
621,Jaleel McLaughlin,RB,DEN,478.05,2,,,681.1,275.0,,,
622,Isaac Guerendo,RB,SF,478.15,2,,,678.3,278.0,,,
623,Jacob De Jesus,WR,KC,478.3,1,,,478.3,,,,
624,Kalel Mullings,RB,TEN,479.0,1,,,,479.0,,,
625,Bub Means,WR,NO,479.5,2,,,492.0,467.0,,,
626,Lenny Krieg,K,,480.0,1,,,480.0,,,,
627,Bryce Love,RB,,481.0,1,,,481.0,,,,
628,Ronnie Bell,WR,NO,482.0,1,,,,482.0,,,
629,Jacob Clark,QB,LV,482.5,1,,,482.5,,,,
630,Dontae McMillan,RB,BAL,483.0,1,,,,483.0,,,
631,Dalvin Cook,RB,,483.5,1,,,483.5,,,,
632,Ulysses Bentley,RB,IND,484.0,1,,,484.0,,,,
633,Will Dissly,TE,,484.0,1,,,,484.0,,,
634,Tahj Washington,WR,MIA,486.0,1,,,,486.0,,,
635,Jimmy Bell,TE,,486.5,1,,,486.5,,,,
636,Tom Kennedy,WR,DET,487.5,1,,,487.5,,,,
637,Wesley Grimes,WR,SF,487.5,1,,,487.5,,,,
638,Jalen Royals,WR,KC,488.45,2,,,683.9,293.0,,,
639,David Sills V,WR,TB,489.0,1,,,,489.0,,,
640,Joey Aguilar,QB,JAX,489.0,1,,,489.0,,,,
641,Brock Wright,TE,DET,490.0,1,,,,490.0,,,
642,Michael Thomas,WR,,490.5,1,,,490.5,,,,
643,Diontae Johnson,WR,,491.0,2,,,479.0,503.0,,,
644,Josh Gordon,WR,,491.5,1,,,491.5,,,,
645,Luke McCaffrey,WR,WAS,492.15,2,,,697.3,287.0,,,
646,Ronnie Rivers,RB,LAR,492.6,2,,,605.2,380.0,,,
647,Ezekiel Elliott,RB,,493.0,1,,,493.0,,,,
648,Miles Davis,RB,CAR,493.0,1,,,,493.0,,,
649,Cedrick Wilson Jr.,WR,DET,494.0,1,,,,494.0,,,
650,Floyd Allen,WR,,494.0,1,,,494.0,,,,
651,Jared Wiley,TE,KC,494.75,2,,,551.5,438.0,,,
652,Pierre Strong Jr.,RB,GB,495.0,1,,,,495.0,,,
653,Brock Rechsteiner,WR,NO,495.3,1,,,495.3,,,,
654,Joshua Pitsenberger,RB,HOU,495.65,2,,,458.3,533.0,,,
655,Aidan O'Connell,QB,LV,496.0,1,,,496.0,,,,
656,Michael Briscoe,WR,MIN,497.0,1,,,,497.0,,,
657,Lil'Jordan Humphrey,WR,DEN,498.0,1,,,,498.0,,,
658,Calvin Austin III,WR,NYG,498.15,2,,,699.3,297.0,,,
659,Samori Toure,WR,PHI,498.3,1,,,498.3,,,,
660,Olamide Zaccheaus,WR,ATL,498.4,2,,,698.8,298.0,,,
661,Mecole Hardman Jr.,WR,BUF,498.5,2,,,572.0,425.0,,,
662,Jared Wayne,WR,HOU,499.0,1,,,,499.0,,,
663,Eli Heidenreich,RB,PIT,499.2,2,,,691.4,307.0,,,
664,Lenard Tillery,RB,,499.3,1,,,499.3,,,,
665,Michael Bandy,WR,DEN,500.0,1,,,,500.0,,,
666,Kurtis Rourke,QB,SF,500.5,1,,,500.5,,,,
667,Maurice Alexander,WR,CHI,501.0,1,,,,501.0,,,
668,Mike Glennon,QB,,501.5,1,,,501.5,,,,
669,Ian Thomas,TE,LV,502.0,1,,,,502.0,,,
670,Nick Foles,QB,,502.8,1,,,502.8,,,,
671,Warren Jackson,WR,,503.2,1,,,503.2,,,,
672,Josh Johnson,WR,,503.3,1,,,503.3,,,,
673,John Metchie III,WR,CAR,504.2,2,,,691.4,317.0,,,
674,EJ Smith,RB,KC,504.25,2,,,497.5,511.0,,,
675,Kyle Juszczyk,RB,SF,504.3,2,,,679.6,329.0,,,
676,Tommy Tremble,TE,CAR,504.8,2,,,671.6,338.0,,,
677,Lew Nichols III,RB,PIT,505.0,1,,,,505.0,,,
678,Nick Chubb,RB,HOU,505.55,2,,,686.1,325.0,,,
679,Robbie Gould,K,,506.0,1,,,506.0,,,,
680,Tyler Scott,WR,LAR,506.0,1,,,,506.0,,,
681,Will Mallory,TE,IND,507.0,1,,,,507.0,,,
682,Tyler Goodson,RB,ATL,507.1,2,,,626.2,388.0,,,
683,James Robinson,RB,,507.5,1,,,507.5,,,,
684,Chip Trayanum,RB,NYJ,508.0,1,,,,508.0,,,
685,J'Mari Taylor,RB,JAX,508.35,2,,,698.7,318.0,,,
686,Changa Hodge,WR,,508.5,1,,,508.5,,,,
687,Michael Wortham,WR,JAX,509.0,1,,,,509.0,,,
688,LeSean McCoy,RB,,509.3,1,,,509.3,,,,
689,Dont'e Thornton Jr.,WR,LV,509.55,2,,,700.1,319.0,,,
690,Adam Choice,RB,,510.0,1,,,510.0,,,,
691,Velus Jones Jr.,WR,SEA,510.0,1,,,,510.0,,,
692,Ben Skowronek,WR,PIT,511.35,2,,,553.7,469.0,,,
693,Shane Leatherbury,WR,,511.5,1,,,511.5,,,,
694,Luke Musgrave,TE,GB,511.6,2,,,692.2,331.0,,,
695,Kalif Raymond,WR,CHI,511.85,2,,,697.7,326.0,,,
696,Adam Prentice,RB,DEN,512.0,2,,,554.0,470.0,,,
697,Jimmy Garoppolo,QB,LAR,512.0,1,,,512.0,,,,
698,Travis Homer,RB,PIT,512.0,1,,,,512.0,,,
699,Zach Ertz,TE,WAS,512.7,2,,,664.4,361.0,,,
700,Kevin Coleman Jr.,WR,MIA,512.9,2,,,692.8,333.0,,,
701,Alex Smith,QB,,513.0,1,,,513.0,,,,
702,Zamir White,RB,LV,513.0,1,,,,513.0,,,
703,Jordan Akins,TE,,514.0,1,,,,514.0,,,
704,DeeJay Dallas,RB,JAX,514.8,1,,,514.8,,,,
705,Jordan Watkins,WR,SF,515.0,1,,,,515.0,,,
706,Rasheen Ali,RB,BAL,515.85,2,,,681.7,350.0,,,
707,Younghoe Koo,K,NYJ,515.9,1,,,515.9,,,,
708,KJ. Osborn,WR,TEN,516.0,1,,,,516.0,,,
709,Roman Wilson,WR,PIT,516.45,2,,,651.9,381.0,,,
710,Vernon Davis,TE,,516.5,1,,,516.5,,,,
711,Nate Adkins,TE,DEN,517.0,1,,,,517.0,,,
712,Marlin Klein,TE,HOU,517.5,2,,,666.0,369.0,,,
713,Henry Ruggs,WR,,517.7,1,,,517.7,,,,
714,Dominic Lovett,WR,DET,518.0,1,,,,518.0,,,
715,Cade McDonald,WR,,518.8,1,,,518.8,,,,
716,Michael Burton,RB,CLE,519.0,1,,,,519.0,,,
717,Daniel Bellinger,TE,TEN,519.05,2,,,685.1,353.0,,,
718,Jake Bobo,WR,SEA,519.65,2,,,654.3,385.0,,,
719,AJ Dillon,RB,CAR,520.8,2,,,591.6,450.0,,,
720,Jalen Reagor,WR,MIA,521.0,1,,,,521.0,,,
721,Arian Smith,WR,NYJ,522.0,1,,,,522.0,,,
722,Philip Rivers,QB,,522.4,1,,,522.4,,,,
723,Jermar Jefferson,RB,MIN,522.7,2,,,519.4,526.0,,,
724,Josh Cameron,WR,JAX,523.0,1,,,,523.0,,,
725,Roman Hemby,RB,LV,523.9,2,,,655.8,392.0,,,
726,Miles Kitselman,TE,DET,524.0,1,,,,524.0,,,
727,Alex Kessman,K,CAR,524.3,1,,,524.3,,,,
728,CJ Daniels,WR,LAR,525.05,2,,,680.1,370.0,,,
729,Demarcus Robinson,WR,SF,525.3,2,,,682.6,368.0,,,
730,British Brooks,RB,HOU,525.5,2,,,555.0,496.0,,,
731,Khari Blasingame,RB,,525.8,1,,,525.8,,,,
732,Reid Sinnett,QB,,526.0,1,,,526.0,,,,
733,Jonnu Smith,TE,PIT,526.1,2,,,686.2,366.0,,,
734,Adam Thielen,WR,,527.3,1,,,527.3,,,,
735,Kennedy Brooks,RB,,527.5,1,,,527.5,,,,
736,Jacob Cowing,WR,SF,528.0,1,,,,528.0,,,
737,Derius Davis,WR,LAC,528.65,2,,,633.3,424.0,,,
738,Justin Watson,WR,HOU,529.0,1,,,,529.0,,,
739,Tom Brady,QB,,529.1,1,,,529.1,,,,
740,Corey Kiner,RB,ARI,530.0,1,,,,530.0,,,
741,Jacob Saylors,RB,DET,530.35,2,,,661.7,399.0,,,
742,Reggie Begelton,WR,,530.5,1,,,530.5,,,,
743,Anthony Hankerson,RB,MIA,531.0,1,,,,531.0,,,
744,Jaydn Ott,RB,KC,531.0,2,,,680.0,382.0,,,
745,Kendall Milton,RB,CIN,532.0,1,,,,532.0,,,
746,Sewo Olonilua,RB,,532.5,1,,,532.5,,,,
747,Las Vegas Raiders,DST,LV,533.3,1,,,533.3,,,,
748,Khalil Dinkins,TE,,534.0,1,,,,534.0,,,
749,Cameron Latu,TE,PHI,534.3,1,,,534.3,,,,
750,Khalil Herbert,RB,SF,534.95,2,,,685.9,384.0,,,
751,Gus Edwards,RB,,535.0,1,,,,535.0,,,
752,Cam Akers,RB,,536.0,1,,,,536.0,,,
753,Johnathan Lloyd,WR,,536.0,1,,,536.0,,,,
754,Curtis Samuel,WR,,537.0,1,,,,537.0,,,
755,AJ McCarron,QB,,537.3,1,,,537.3,,,,
756,Gabe Davis,WR,,538.0,1,,,,538.0,,,
757,Juice Wells Jr.,WR,ATL,539.0,1,,,,539.0,,,
758,Miami Dolphins,DST,MIA,539.4,1,,,539.4,,,,
759,Brian Hoyer,QB,,540.5,1,,,540.5,,,,
760,Ja'Quinden Jackson,RB,,541.0,1,,,,541.0,,,
761,Stanley Berryhill,WR,,541.0,1,,,541.0,,,,
762,Kye Robichaux,RB,DET,541.75,2,,,603.5,480.0,,,
763,Tavon Austin,WR,,542.0,1,,,542.0,,,,
764,Patrick Ricard,RB,NYG,542.1,2,,,643.2,441.0,,,
765,Rob Gronkowski,TE,,542.9,1,,,542.9,,,,
766,Mike DiLiello,QB,,543.3,1,,,543.3,,,,
767,Moose Muhammad,WR,,543.5,1,,,543.5,,,,
768,Adam Trautman,TE,DEN,543.9,2,,,681.8,406.0,,,
769,Talolo Limi-Jones,WR,,545.0,1,,,545.0,,,,
770,Colbie Young,WR,CIN,546.25,2,,,697.5,395.0,,,
771,Lewis Bond,WR,HOU,546.8,1,,,546.8,,,,
772,Albert Okwuegbunam Jr.,TE,LV,547.0,2,,,659.0,435.0,,,
773,Adrian Peterson,RB,,547.9,1,,,547.9,,,,
774,Jake Browning,QB,TB,548.05,2,,,687.1,409.0,,,
775,Monte Pottebaum,RB,,548.2,1,,,548.2,,,,
776,Luke Benson,TE,,549.0,1,,,549.0,,,,
777,Spencer Shrader,K,IND,551.5,1,,,551.5,,,,
778,Xavier Restrepo,WR,TEN,551.6,2,,,673.2,430.0,,,
779,Reggie Virgil,WR,ARI,553.25,2,,,667.5,439.0,,,
780,Shane Buechele,QB,BUF,556.0,1,,,556.0,,,,
781,Anthony Gould,WR,IND,558.1,2,,,669.2,447.0,,,
782,Davis Webb,QB,,558.5,1,,,558.5,,,,
783,Luke Altmyer,QB,DET,559.0,1,,,559.0,,,,
784,Martavis Bryant,WR,,559.0,1,,,559.0,,,,
785,Tim Jones,WR,JAX,559.9,1,,,559.9,,,,
786,Taysom Hill,TE,NO,560.95,2,,,698.9,423.0,,,
787,James Blackman,QB,,561.0,1,,,561.0,,,,
788,DeSean Jackson,WR,,563.0,1,,,563.0,,,,
789,Will Kacmarek,TE,MIA,563.15,2,,,695.3,431.0,,,
790,Isaiah Williams,WR,NYJ,563.45,2,,,674.9,452.0,,,
791,Caden Prieskorn,TE,CAR,563.5,1,,,563.5,,,,
792,Robert Tonyan,TE,PIT,564.9,1,,,564.9,,,,
793,Tennessee Titans,DST,TEN,565.0,1,,,565.0,,,,
794,Luke Farrell,TE,SF,566.0,1,,,566.0,,,,
795,Jake Rudock,QB,,567.0,1,,,567.0,,,,
796,Hakeem Butler,TE,DEN,567.2,1,,,567.2,,,,
797,Barion Brown,WR,NO,568.95,2,,,645.9,492.0,,,
798,Freddie Swain,WR,,569.5,1,,,569.5,,,,
799,Myles Price,WR,MIN,570.05,2,,,653.1,487.0,,,
800,Ty Montgomery,RB,,570.3,1,,,570.3,,,,
801,Garrett Groshek,RB,,571.0,1,,,571.0,,,,
802,Terrace Marshall Jr.,WR,MIA,571.25,2,,,671.5,471.0,,,
803,Ben Roethlisberger,QB,PIT,573.0,1,,,573.0,,,,
804,Theo Wease Jr.,WR,MIA,574.2,2,,,693.4,455.0,,,
805,Elijah Moore,WR,PHI,574.4,2,,,694.8,454.0,,,
806,Russell Wilson,QB,,574.7,1,,,574.7,,,,
807,Jake Butt,TE,,575.0,1,,,575.0,,,,
808,Austin Seibert,K,,576.0,1,,,576.0,,,,
809,Ben Mason,TE,,577.1,1,,,577.1,,,,
810,Jimmy Horn Jr.,WR,CAR,577.65,2,,,670.3,485.0,,,
811,Pharoh Cooper,WR,,579.0,1,,,579.0,,,,
812,Ke'Shawn Williams,WR,CIN,580.0,1,,,580.0,,,,
813,Drew Brees,QB,,581.1,1,,,581.1,,,,
814,Jermaine Burton,WR,,582.0,2,,,639.0,525.0,,,
815,Dan Bailey,K,,583.3,1,,,583.3,,,,
816,Tyler Bass,K,BUF,583.3,2,,136.0,583.3,,,,
817,Avery Williams,RB,,585.2,1,,,585.2,,,,
818,Montorie Foster Jr.,WR,SEA,585.25,2,,,679.5,491.0,,,
819,James White,RB,,586.5,1,,,586.5,,,,
820,Gabriel Benyard,WR,,587.0,1,,,587.0,,,,
821,Feleipe Franks,TE,CAR,588.0,1,,,588.0,,,,
822,Demetris Robertson,WR,,589.0,1,,,589.0,,,,
823,Alex Tanney,QB,,590.1,1,,,590.1,,,,
824,Arizona Cardinals,DST,ARI,591.3,1,,,591.3,,,,
825,Daniel Carlson,K,LV,593.8,1,,,593.8,,,,
826,Brogan Roback,QB,,594.0,1,,,594.0,,,,
827,Daniel Sobkowicz,WR,HOU,595.5,1,,,595.5,,,,
828,Jimmy Graham,TE,,596.5,1,,,596.5,,,,
829,New York Jets,DST,NYJ,597.0,1,,,597.0,,,,
830,Gerald Everett,TE,,598.0,1,,,598.0,,,,
831,Bobo Wilson,WR,,599.5,1,,,599.5,,,,
832,Jelani Woods,TE,NYJ,599.5,1,,,599.5,,,,
833,DeAndre Hopkins,WR,BAL,600.85,2,,,681.7,520.0,,,
834,Andre Baccellia,WR,,601.1,1,,,601.1,,,,
835,Skyy Moore,WR,GB,602.3,2,,,700.6,504.0,,,
836,Washington Commanders,DST,WAS,602.9,1,,,602.9,,,,
837,Michael Crabtree,WR,,604.0,1,,,604.0,,,,
838,Joshua Dobbs,QB,DET,606.2,1,,,606.2,,,,
839,Erik Krommenhoek,TE,,607.0,1,,,607.0,,,,
840,Cyrus Holder,WR,,608.0,1,,,608.0,,,,
841,Trinity Benson,WR,,609.0,1,,,609.0,,,,
842,Ben DiNucci,QB,,610.3,1,,,610.3,,,,
843,Cole Beasley,WR,,611.3,1,,,611.3,,,,
844,Zach Wilson,QB,NO,612.5,1,,,612.5,,,,
845,De'Montre Tuggle,RB,,613.5,1,,,613.5,,,,
846,New Orleans Saints,DST,NO,615.2,1,,,615.2,,,,
847,Kaden Wetjen,WR,PIT,615.5,1,,,615.5,,,,
848,Kazmeir Allen,WR,,617.1,1,,,617.1,,,,
849,Trey Sermon,RB,ATL,617.75,2,,,695.5,540.0,,,
850,Jamal Haynes,RB,CIN,618.0,1,,,618.0,,,,
851,Brady Russell,TE,SEA,619.0,1,,,619.0,,,,
852,Darius Cooper,WR,PHI,619.6,1,,,619.6,,,,
853,Tyler Davis,TE,,620.0,1,,,620.0,,,,
854,Payton Thorne,QB,,621.0,1,,,621.0,,,,
855,Devontres Dukes,WR,,622.5,1,,,622.5,,,,
856,Braxton Berrios,WR,NYG,623.3,1,,,623.3,,,,
857,Malcolm Perry,WR,,623.5,1,,,623.5,,,,
858,Ihmir Smith-Marsette,WR,ARI,625.0,1,,,625.0,,,,
859,Haynes King,QB,CAR,629.2,1,,,629.2,,,,
860,James McCourt,K,,630.8,1,,,630.8,,,,
861,Jalen Brooks,WR,ARI,631.7,1,,,631.7,,,,
862,Stetson Bennett,QB,LAR,634.9,1,,,634.9,,,,
863,Camerun Peoples,RB,,636.2,1,,,636.2,,,,
864,Diego Pavia,QB,,638.0,1,,,638.0,,,,
865,Javess Blue,WR,,639.2,1,,,639.2,,,,
866,Jack Strand,QB,ATL,640.5,1,,,640.5,,,,
867,Cam Grandy,TE,CIN,641.5,1,,,641.5,,,,
868,Dee Eskridge,WR,,642.0,1,,,642.0,,,,
869,Spencer Rattler,QB,NO,646.0,1,,,646.0,,,,
870,Zach Zenner,RB,,646.0,1,,,646.0,,,,
871,Kameron Johnson,WR,TB,647.2,1,,,647.2,,,,
872,Amar Johnson,RB,LAC,647.5,1,,,647.5,,,,
873,Paul Quessenberry,TE,,648.0,1,,,648.0,,,,
874,David Moore,WR,CAR,649.3,1,,,649.3,,,,
875,Artavis Pierce,RB,,650.5,1,,,650.5,,,,
876,Drew Allar,QB,PIT,651.0,1,,,651.0,,,,
877,Seydou Traore,TE,MIA,652.5,1,,,652.5,,,,
878,Sam Ehlinger,QB,DEN,653.0,1,,,653.0,,,,
879,Tyler Simmons,WR,,655.5,1,,,655.5,,,,
880,Sandro Platzgummer,RB,,657.0,1,,,657.0,,,,
881,Austin Trammell,WR,JAX,658.0,1,,,658.0,,,,
882,Jason Huntley,RB,,660.0,1,,,660.0,,,,
883,Tip Reiman,TE,ARI,661.5,1,,,661.5,,,,
884,Drew Stevens,K,WAS,662.4,1,,,662.4,,,,
885,Josh Whyle,TE,GB,663.0,1,,,663.0,,,,
886,Cade Johnson,WR,,664.0,1,,,664.0,,,,
887,Drew Lock,QB,SEA,665.1,1,,,665.1,,,,
888,Bailey Zappe,QB,NYJ,666.5,1,,,666.5,,,,
889,Charlie Jones,WR,CIN,670.5,1,,,670.5,,,,
890,Trey Lance,QB,LAC,671.2,1,,,671.2,,,,
891,Hunter Renfrow,WR,,671.5,1,,,671.5,,,,
892,Kene Nwangwu,RB,NYJ,672.0,1,,,672.0,,,,
893,Devin Duvernay,WR,ARI,673.0,1,,,673.0,,,,
894,Dedrick Mills,RB,,673.3,1,,,673.3,,,,
895,Nick Sciba,K,,674.5,1,,,674.5,,,,
896,Spencer Nigh,RB,,674.5,1,,,674.5,,,,
897,Cade Brewer,TE,,675.5,1,,,675.5,,,,
898,Trevor Wood,TE,,675.5,1,,,675.5,,,,
899,Blaine Gabbert,QB,,676.5,1,,,676.5,,,,
900,Dillon Gabriel,QB,CLE,676.6,1,,,676.6,,,,
901,Lan Larison,RB,NE,677.0,1,,,677.0,,,,
902,Rashad Rochelle,WR,SEA,677.0,1,,,677.0,,,,
903,Tommy DeVito,QB,NE,677.1,1,,,677.1,,,,
904,Aaron Anderson,WR,CLE,677.8,1,,,677.8,,,,
905,Will Levis,QB,TEN,678.0,1,,,678.0,,,,
906,Cade York,K,NYJ,678.3,1,,,678.3,,,,
907,Isaiah Neyor,WR,GB,679.0,1,,,679.0,,,,
908,Nathan Peterman,QB,,679.5,1,,,679.5,,,,
909,Jordan Jones,RB,,680.5,1,,,680.5,,,,
910,Justin Jones,RB,,681.6,1,,,681.6,,,,
911,Andrew Armstrong,WR,KC,682.0,1,,,682.0,,,,
912,Cam Newton,QB,,682.5,1,,,682.5,,,,
913,Jalen Virgil,WR,,683.0,1,,,683.0,,,,
914,Efton Chism,WR,NE,683.5,1,,,683.5,,,,
915,Colson Yankoff,TE,WAS,683.9,1,,,683.9,,,,
916,Ben Sauls,K,NYG,684.3,1,,,684.3,,,,
917,Malick Meiga,WR,,685.5,1,,,685.5,,,,
918,Davis Mills,QB,HOU,686.0,1,,,686.0,,,,
919,CJ. Johnson,WR,,686.2,1,,,686.2,,,,
920,Grant Calcaterra,TE,PHI,686.4,1,,,686.4,,,,
921,Zack Kuntz,TE,DAL,687.4,1,,,687.4,,,,
922,Robert Griffin,QB,,687.5,1,,,687.5,,,,
923,Jeff Weimer,WR,KC,687.6,1,,,687.6,,,,
924,Riley Patterson,K,MIA,687.6,1,,,687.6,,,,
925,Tyrod Taylor,QB,GB,687.6,1,,,687.6,,,,
926,Samson Nacua,WR,,688.7,1,,,688.7,,,,
927,Amari Rodgers,WR,,689.0,1,,,689.0,,,,
928,Dominic Zvada,K,NYG,689.0,1,,,689.0,,,,
929,Mason Rudolph,QB,PIT,689.9,1,,,689.9,,,,
930,Tyreik McAllister,RB,,690.0,1,,,690.0,,,,
931,Will Grier,QB,,690.0,1,,,690.0,,,,
932,Hendon Hooker,QB,TEN,690.3,1,,,690.3,,,,
933,D'Eriq King,QB,,690.5,1,,,690.5,,,,
934,Nate Sudfeld,QB,,691.0,1,,,691.0,,,,
935,Jalin Hyatt,WR,NYG,691.4,1,,,691.4,,,,
936,Omari Evans,WR,KC,691.5,1,,,691.5,,,,
937,Aaron Shampklin,RB,,692.7,1,,,692.7,,,,
938,Grant Finley,RB,NYG,692.7,1,,,692.7,,,,
939,Matt Ryan,QB,,692.7,1,,,692.7,,,,
940,Grayson Gunter,TE,,692.8,1,,,692.8,,,,
941,Nikko Remigio,WR,KC,692.8,1,,,692.8,,,,
942,TJ. Pledger,RB,,693.0,1,,,693.0,,,,
943,Andy Isabella,WR,,694.0,1,,,694.0,,,,
944,Anthony Sherman,RB,,694.4,1,,,694.4,,,,
945,Tyren Montgomery,WR,TEN,695.5,1,,,695.5,,,,
946,Matt Hibner,TE,BAL,695.9,1,,,695.9,,,,
947,Montrell Washington,WR,,695.9,1,,,695.9,,,,
948,Tyler Huntley,QB,BAL,695.9,1,,,695.9,,,,
949,Roc Taylor,WR,CAR,696.5,1,,,696.5,,,,
950,Julio Jones,WR,,696.7,1,,,696.7,,,,
951,Trayvon Rudolph,WR,MIN,696.8,1,,,696.8,,,,
952,Mark Ingram,RB,,699.2,1,,,699.2,,,,
953,Jadon Haselwood,WR,,699.3,1,,,699.3,,,,
954,Lucas Havrisik,K,,699.3,1,,,699.3,,,,
955,Jake Verity,K,,699.5,1,,,699.5,,,,
956,Israel Abanikanda,RB,DAL,699.6,1,,,699.6,,,,
957,Jacob Copeland,WR,,700.4,1,,,700.4,,,,
958,ZaQuandre White,RB,,700.5,1,,,700.5,,,,
