Rank,Player,Pos,Team,Avg ADP,# Sites,ESPN,Yahoo,Sleeper,FantasyPros
1,Josh Allen,QB,BUF,1.5,4,1.0,1.0,3.0,1.0
2,Jahmyr Gibbs,RB,DET,3.95,4,4.0,2.0,2.8,7.0
3,Bijan Robinson,RB,ATL,4.38,4,5.0,3.0,1.5,8.0
4,Lamar Jackson,QB,BAL,5.92,4,3.0,8.0,10.7,2.0
5,Jayden Daniels,QB,WAS,7.2,4,2.0,4.0,17.8,5.0
6,Drake Maye,QB,NE,7.38,4,10.0,9.0,7.5,3.0
7,Ja'Marr Chase,WR,CIN,7.85,4,7.0,10.0,4.4,10.0
8,Joe Burrow,QB,CIN,9.93,4,16.0,5.0,14.7,4.0
9,Puka Nacua,WR,LAR,10.3,4,6.0,18.0,5.2,12.0
10,Christian McCaffrey,RB,SF,12.97,4,9.0,15.0,7.9,20.0
11,Jalen Hurts,QB,PHI,13.05,4,11.0,7.0,28.2,6.0
12,Jonathan Taylor,RB,IND,14.62,4,12.0,20.0,9.5,17.0
13,Jaxon Smith-Njigba,WR,SEA,14.72,4,8.0,31.0,6.9,13.0
14,Amon-Ra St. Brown,WR,DET,15.88,4,13.0,23.0,11.5,16.0
15,Jaxson Dart,QB,NYG,20.93,4,17.0,11.0,37.7,18.0
16,CeeDee Lamb,WR,DAL,21.23,4,14.0,35.0,13.9,22.0
17,Caleb Williams,QB,CHI,21.3,4,38.0,16.0,22.2,9.0
18,Dak Prescott,QB,DAL,21.57,4,26.0,6.0,39.3,15.0
19,James Cook III,RB,BUF,21.7,4,19.0,34.0,12.8,21.0
20,Trevor Lawrence,QB,JAX,23.05,4,25.0,12.0,41.2,14.0
21,Justin Jefferson,WR,MIN,23.27,4,18.0,37.0,15.1,23.0
22,Justin Herbert,QB,LAC,25.02,4,39.0,17.0,33.1,11.0
23,Derrick Henry,RB,BAL,27.18,4,15.0,36.0,31.7,26.0
24,De'Von Achane,RB,MIA,28.02,4,20.0,33.0,18.1,41.0
25,Bo Nix,QB,DEN,28.82,4,27.0,19.0,45.3,24.0
26,Drake London,WR,ATL,28.82,4,21.0,38.0,25.3,31.0
27,Saquon Barkley,RB,PHI,28.9,4,22.0,44.0,20.6,29.0
28,Patrick Mahomes II,QB,KC,31.07,4,44.0,13.0,42.3,25.0
29,Ashton Jeanty,RB,LV,31.12,4,29.0,47.0,15.5,33.0
30,Brock Purdy,QB,SF,31.7,4,33.0,22.0,52.8,19.0
31,Kenneth Walker III,RB,KC,34.33,4,31.0,45.0,23.3,38.0
32,Omarion Hampton,RB,LAC,34.55,4,30.0,48.0,23.2,37.0
33,Chase Brown,RB,CIN,36.15,4,35.0,42.0,27.6,40.0
34,Trey McBride,TE,ARI,36.35,4,24.0,63.0,19.4,39.0
35,Nico Collins,WR,HOU,36.9,4,37.0,54.0,29.6,27.0
36,George Pickens,WR,DAL,37.3,4,41.0,43.0,30.2,35.0
37,Matthew Stafford,QB,LAR,37.5,4,34.0,24.0,64.0,28.0
38,AJ. Brown,WR,NE,38.35,4,40.0,57.0,26.4,30.0
39,Brock Bowers,TE,LV,40.23,4,36.0,71.0,21.9,32.0
40,Rashee Rice,WR,KC,40.27,4,23.0,59.0,36.1,43.0
41,Jeremiyah Love,RB,ARI,42.1,4,28.0,50.0,31.4,59.0
42,Josh Jacobs,RB,GB,42.2,4,32.0,46.0,39.8,51.0
43,Chris Olave,WR,NO,45.9,4,43.0,61.0,35.6,44.0
44,Jared Goff,QB,DET,47.17,4,79.0,14.0,61.7,34.0
45,Kyren Williams,RB,LAR,48.25,4,51.0,51.0,44.0,47.0
46,Breece Hall,RB,NYJ,51.23,4,45.0,58.0,43.9,58.0
47,Kyler Murray,QB,MIN,51.3,4,60.0,25.0,84.2,36.0
48,Zay Flowers,WR,BAL,51.42,4,50.0,56.0,51.7,48.0
49,Javonte Williams,RB,DAL,51.45,4,46.0,55.0,49.8,55.0
50,Malik Nabers,WR,NYG,51.73,4,42.0,73.0,34.9,57.0
51,Tee Higgins,WR,CIN,52.88,4,62.0,53.0,47.5,49.0
52,Tyler Shough,QB,NO,54.8,4,61.0,30.0,82.2,46.0
53,Baker Mayfield,QB,TB,55.92,4,81.0,29.0,71.7,42.0
54,DeVonta Smith,WR,PHI,56.08,4,57.0,64.0,53.3,50.0
55,Tetairoa McMillan,WR,CAR,56.35,4,56.0,70.0,46.4,53.0
56,Jordan Love,QB,GB,59.45,4,105.0,21.0,66.8,45.0
57,Emeka Egbuka,WR,TB,60.23,4,48.0,85.0,55.9,52.0
58,Cam Skattebo,RB,NYG,60.85,4,54.0,60.0,57.4,72.0
59,Davante Adams,WR,LAR,61.48,4,49.0,72.0,62.9,62.0
60,Travis Etienne Jr.,RB,NO,61.55,4,52.0,67.0,58.2,69.0
61,Colston Loveland,TE,CHI,62.42,4,65.0,90.0,38.7,56.0
62,Garrett Wilson,WR,NYJ,62.8,4,47.0,80.0,54.2,70.0
63,Bucky Irving,RB,TB,64.58,4,55.0,76.0,50.3,77.0
64,Terry McLaurin,WR,WAS,64.75,4,63.0,65.0,67.0,64.0
65,Ladd McConkey,WR,LAC,66.33,4,59.0,88.0,55.3,63.0
66,Jaylen Waddle,WR,DEN,66.53,4,67.0,74.0,59.1,66.0
67,Jameson Williams,WR,DET,68.22,4,58.0,79.0,70.9,65.0
68,Quinshon Judkins,RB,CLE,68.42,4,53.0,81.0,65.7,74.0
69,D'Andre Swift,RB,CHI,71.08,4,73.0,68.0,68.3,75.0
70,Luther Burden III,WR,CHI,71.17,4,70.0,78.0,60.7,76.0
71,Tyler Warren,TE,IND,71.58,4,66.0,87.0,47.3,86.0
72,TreVeyon Henderson,RB,NE,71.72,4,72.0,69.0,63.9,82.0
73,Daniel Jones,QB,IND,72.17,4,80.0,28.0,109.7,71.0
74,CJ. Stroud,QB,HOU,72.38,4,107.0,27.0,95.5,60.0
75,Malik Willis,QB,MIA,72.65,4,104.0,26.0,106.6,54.0
76,David Montgomery,RB,HOU,72.9,4,74.0,66.0,71.6,80.0
77,Sam Darnold,QB,SEA,73.8,4,117.0,32.0,85.2,61.0
78,Cam Ward,QB,TEN,77.95,4,106.0,41.0,97.8,67.0
79,Rome Odunze,WR,CHI,78.38,4,64.0,92.0,79.5,78.0
80,DJ Moore,WR,BUF,79.7,4,68.0,94.0,73.8,83.0
81,Bhayshul Tuten,RB,JAX,79.88,4,71.0,89.0,75.5,84.0
82,Mike Evans,WR,SF,80.8,4,83.0,91.0,76.2,73.0
83,Christian Watson,WR,GB,81.85,4,85.0,93.0,81.4,68.0
84,Jadarian Price,RB,SEA,83.17,4,75.0,83.0,87.7,87.0
85,Bryce Young,QB,CAR,87.25,4,118.0,40.0,112.0,79.0
86,Jaylen Warren,RB,PIT,88.42,4,102.0,75.0,83.7,93.0
87,Carnell Tate,WR,TEN,88.5,4,69.0,115.0,79.0,91.0
88,Sam LaPorta,TE,DET,88.58,4,88.0,102.0,69.3,95.0
89,Alec Pierce,WR,IND,89.85,4,78.0,77.0,114.4,90.0
90,Tony Pollard,RB,TEN,90.75,4,76.0,95.0,100.0,92.0
91,DK Metcalf,WR,PIT,91.7,4,84.0,97.0,91.8,94.0
92,Tucker Kraft,TE,GB,92.72,4,111.0,101.0,77.9,81.0
93,Harold Fannin Jr.,TE,CLE,92.83,4,87.0,107.0,74.3,103.0
94,Rhamondre Stevenson,RB,NE,93.5,4,101.0,84.0,93.0,96.0
95,Marvin Harrison Jr.,WR,ARI,94.22,4,82.0,113.0,92.9,89.0
96,Kyle Pitts Sr.,TE,ATL,94.65,4,86.0,110.0,78.6,104.0
97,Courtland Sutton,WR,DEN,94.97,4,77.0,108.0,95.9,99.0
98,Parker Washington,WR,JAX,95.8,4,90.0,105.0,90.2,98.0
99,Brian Thomas Jr.,WR,JAX,96.25,4,92.0,117.0,88.0,88.0
100,Chuba Hubbard,RB,CAR,96.72,4,108.0,82.0,99.9,97.0
101,Rico Dowdle,RB,PIT,97.47,4,100.0,86.0,103.9,100.0
102,Jordyn Tyson,WR,NO,104.88,4,89.0,131.0,89.5,110.0
103,Fernando Mendoza,QB,LV,105.08,4,119.0,62.0,102.3,137.0
104,Michael Wilson,WR,ARI,105.83,4,95.0,116.0,98.3,114.0
105,JK. Dobbins,RB,DEN,106.8,4,103.0,112.0,110.2,102.0
106,Kyle Monangai,RB,CHI,107.53,4,120.0,96.0,107.1,107.0
107,RJ Harvey,RB,DEN,107.85,4,133.0,99.0,86.4,113.0
108,Jacoby Brissett,QB,ARI,111.95,4,166.0,49.0,147.8,85.0
109,Jordan Addison,WR,MIN,112.4,4,97.0,122.0,119.6,111.0
110,Geno Smith,QB,NYJ,112.95,4,149.0,52.0,149.8,101.0
111,Michael Pittman Jr.,WR,PIT,113.35,4,91.0,120.0,119.4,123.0
112,Travis Kelce,TE,KC,114.67,4,121.0,118.0,101.7,118.0
113,Kenny Gainwell,RB,TB,115.05,4,109.0,100.0,125.2,126.0
114,Blake Corum,RB,LAR,115.33,4,132.0,109.0,115.3,105.0
115,Aaron Rodgers,QB,PIT,115.42,4,165.0,39.0,148.7,109.0
116,Quentin Johnston,WR,LAC,115.72,4,99.0,134.0,123.9,106.0
117,Chris Godwin Jr.,WR,TB,116.15,4,139.0,106.0,111.6,108.0
118,Aaron Jones Sr.,RB,MIN,117.45,4,115.0,98.0,131.8,125.0
119,Jayden Reed,WR,GB,117.67,4,125.0,104.0,122.7,119.0
120,Jakobi Meyers,WR,JAX,118.08,4,96.0,132.0,117.3,127.0
121,Mark Andrews,TE,BAL,120.12,4,113.0,130.0,113.5,124.0
122,Rachaad White,RB,WAS,120.95,4,116.0,111.0,135.8,121.0
123,Makai Lemon,WR,PHI,122.3,4,94.0,176.0,103.2,116.0
124,Jacory Croskey-Merritt,RB,WAS,123.25,4,127.0,121.0,130.0,115.0
125,Josh Downs,WR,IND,123.45,4,136.0,103.0,124.8,130.0
126,George Kittle,TE,SF,123.67,4,110.0,167.0,105.7,112.0
127,Xavier Worthy,WR,KC,124.67,4,98.0,137.0,135.7,128.0
128,Dallas Goedert,TE,PHI,126.92,4,112.0,148.0,118.7,129.0
129,Jake Ferguson,TE,DAL,127.92,4,122.0,145.0,108.7,136.0
130,Dalton Kincaid,TE,BUF,128.5,4,128.0,175.0,94.0,117.0
131,Jonathon Brooks,RB,CAR,129.45,4,114.0,154.0,127.8,122.0
132,Romeo Doubs,WR,NE,132.85,4,140.0,119.0,137.4,135.0
133,Matthew Golden,WR,GB,134.2,4,93.0,162.0,138.8,143.0
134,Wan'Dale Robinson,WR,TEN,134.2,4,124.0,153.0,126.8,133.0
135,Jordan Mason,RB,MIN,134.25,4,145.0,140.0,132.0,120.0
136,Hunter Henry,TE,NE,136.28,4,130.0,135.0,127.1,153.0
137,Isaiah Likely,TE,NYG,137.45,4,129.0,173.0,116.8,131.0
138,Khalil Shakir,WR,BUF,138.15,4,126.0,138.0,141.6,147.0
139,Zach Charbonnet,RB,SEA,143.0,3,135.0,,153.0,141.0
140,KC Concepcion,WR,CLE,146.88,4,137.0,170.0,134.5,146.0
141,Kenyon Sadiq,TE,NYJ,148.0,3,123.0,,139.0,182.0
142,Jayden Higgins,WR,HOU,148.1,4,141.0,177.0,140.4,134.0
143,Tyler Allgeier,RB,ARI,148.73,3,164.0,,143.2,139.0
144,Brian Robinson Jr.,RB,ATL,149.3,3,150.0,,145.9,152.0
145,Jalen Coker,WR,CAR,149.55,4,142.0,171.0,143.2,142.0
146,Chris Rodriguez Jr.,RB,JAX,150.5,4,148.0,166.0,156.0,132.0
147,Tua Tagovailoa,QB,ATL,151.25,4,168.0,114.0,178.0,145.0
148,Alvin Kamara,RB,NO,153.1,3,147.0,,161.3,151.0
149,Woody Marks,RB,HOU,155.68,4,134.0,189.0,159.7,140.0
150,Tyrone Tracy Jr.,RB,NYG,157.93,4,162.0,185.0,146.7,138.0
151,Brenton Strange,TE,JAX,159.5,4,171.0,180.0,133.0,154.0
152,Denzel Boston,WR,CLE,159.87,3,154.0,,159.6,166.0
153,Isiah Pacheco,RB,DET,159.97,3,146.0,,185.9,148.0
154,TJ. Hockenson,TE,MIN,160.6,3,131.0,,154.8,196.0
155,Deebo Samuel Sr.,WR,SF,160.62,4,138.0,199.0,142.5,163.0
156,Rashid Shaheed,WR,SEA,161.62,4,144.0,200.0,158.5,144.0
157,Tank Bigsby,RB,PHI,163.1,3,151.0,,189.3,149.0
158,De'Zhaun Stribling,WR,SF,163.27,3,157.0,,155.8,177.0
159,Travis Hunter,WR,JAX,164.23,3,155.0,,166.7,171.0
160,Stefon Diggs,WR,WAS,164.35,4,214.0,144.0,129.4,170.0
161,Los Angeles Rams,DST,LAR,167.1,3,184.0,150.0,167.3,
162,Jerry Jeudy,WR,CLE,167.2,3,143.0,,196.6,162.0
163,Jalen McMillan,WR,TB,168.0,3,152.0,,187.0,165.0
164,Omar Cooper Jr.,WR,NYJ,168.47,3,173.0,,163.4,169.0
165,Houston Texans,DST,HOU,169.37,3,181.0,158.0,169.1,
166,Denver Broncos,DST,DEN,169.43,3,180.0,156.0,172.3,
167,Keaton Mitchell,RB,LAC,169.43,3,179.0,,179.3,150.0
168,Tyjae Spears,RB,TEN,170.4,4,177.0,183.0,164.6,157.0
169,Dylan Sampson,RB,CLE,172.77,3,169.0,,191.3,158.0
170,Seattle Seahawks,DST,SEA,172.9,3,183.0,165.0,170.7,
171,Juwan Johnson,TE,NO,173.12,4,205.0,181.0,151.5,155.0
172,Cam Little,K,JAX,173.5,3,199.0,146.0,175.5,
173,Jauan Jennings,WR,MIN,174.03,4,175.0,197.0,165.1,159.0
174,Tre Tucker,WR,LV,175.1,3,160.0,,197.3,168.0
175,Andy Borregales,K,NE,177.1,2,,142.0,212.2,
176,Jalen Nailor,WR,LV,177.47,3,172.0,,180.4,180.0
177,New England Patriots,DST,NE,179.23,3,188.0,172.0,177.7,
178,Brandon Aubrey,K,DAL,180.0,3,192.0,127.0,168.0,
179,Philadelphia Eagles,DST,PHI,180.37,3,186.0,182.0,173.1,
180,Adonai Mitchell,WR,NYJ,180.77,3,156.0,,222.3,164.0
181,Chig Okonkwo,TE,WAS,180.9,3,231.0,,151.7,160.0
182,Cameron Dicker,K,LAC,182.0,3,193.0,126.0,171.0,
183,Braelon Allen,RB,NYJ,182.43,3,178.0,,202.3,167.0
184,Jonah Coleman,RB,DEN,182.63,3,224.0,,162.9,161.0
185,Harrison Butker,K,KC,183.2,3,198.0,141.0,210.6,
186,Oronde Gadsden II,TE,LAC,183.22,4,271.0,184.0,121.9,156.0
187,Mike Washington Jr.,RB,LV,184.4,3,163.0,,201.2,189.0
188,Terrance Ferguson,TE,LAR,184.73,3,170.0,,194.2,190.0
189,Ka'imi Fairbairn,K,HOU,185.15,3,196.0,133.0,174.3,
190,Baltimore Ravens,DST,BAL,185.2,3,185.0,195.0,175.6,
191,Antonio Williams,WR,WAS,186.6,3,159.0,,198.8,202.0
192,AJ Barner,TE,SEA,186.63,3,227.0,,157.9,175.0
193,Dalton Schultz,TE,HOU,187.65,4,219.0,196.0,150.6,185.0
194,Deshaun Watson,QB,CLE,189.23,3,167.0,,214.7,186.0
195,Minnesota Vikings,DST,MIN,190.95,2,,174.0,207.9,
196,Pittsburgh Steelers,DST,PIT,193.6,3,182.0,192.0,206.8,
197,Calvin Ridley,WR,TEN,194.07,3,153.0,,250.2,179.0
198,Michael Penix Jr.,QB,ATL,194.7,4,208.0,188.0,195.8,187.0
199,Ray Davis,RB,BUF,194.7,3,161.0,,242.1,181.0
200,Detroit Lions,DST,DET,194.97,3,189.0,186.0,209.9,
201,Kirk Cousins,QB,LV,194.97,3,207.0,,183.9,194.0
202,Tank Dell,WR,HOU,195.07,3,176.0,,199.2,210.0
203,James Conner,RB,ARI,195.33,3,210.0,,188.0,188.0
204,Jason Myers,K,SEA,198.85,3,194.0,123.0,203.7,
205,Shedeur Sanders,QB,CLE,199.4,3,206.0,,181.2,211.0
206,Harrison Mevis,K,LAR,199.55,3,195.0,125.0,204.1,
207,Tre' Harris,WR,LAC,203.03,3,215.0,,221.1,173.0
208,Jake Bates,K,DET,203.55,3,200.0,129.0,207.1,
209,Chris Boswell,K,PIT,203.57,3,248.0,157.0,205.7,
210,Germie Bernard,WR,PIT,204.63,3,158.0,,236.9,219.0
211,Eddy Pineiro,K,SF,205.15,3,197.0,139.0,213.3,
212,Gunnar Helm,TE,TEN,205.8,3,228.0,,182.4,207.0
213,Will Reichard,K,MIN,205.83,3,203.0,151.0,263.5,
214,Ryan Flournoy,WR,DAL,206.33,3,216.0,,225.0,178.0
215,Zachariah Branch,WR,ATL,206.53,3,212.0,,193.6,214.0
216,Nicholas Singleton,RB,TEN,207.47,3,232.0,,199.4,191.0
217,Rashod Bateman,WR,BAL,208.07,3,174.0,,258.2,192.0
218,Emmett Johnson,RB,KC,210.83,3,259.0,,190.5,183.0
219,Isaac TeSlaa,WR,DET,212.9,3,222.0,,223.7,193.0
220,Kimani Vidal,RB,LAC,213.03,3,234.0,,231.1,174.0
221,Pat Freiermuth,TE,PIT,213.43,3,218.0,,217.3,205.0
222,Kayshon Boutte,WR,NE,214.07,3,241.0,,229.2,172.0
223,Los Angeles Chargers,DST,LAC,215.2,3,191.0,191.0,263.6,
224,Malik Washington,WR,MIA,218.23,3,235.0,,215.7,204.0
225,Kansas City Chiefs,DST,KC,218.7,3,190.0,198.0,268.1,
226,Kaytron Allen,RB,WAS,220.37,3,226.0,,237.1,198.0
227,Darnell Mooney,WR,NYG,222.73,3,213.0,,260.2,195.0
228,Colby Parkinson,TE,LAR,223.35,2,,,226.7,220.0
229,Jacksonville Jaguars,DST,JAX,223.73,3,267.0,193.0,211.2,
230,Troy Franklin,WR,DEN,224.0,2,,,249.0,199.0
231,MarShawn Lloyd,RB,GB,224.33,3,253.0,,219.0,201.0
232,Eli Stowers,TE,PHI,224.7,2,,,223.4,226.0
233,Cade Otton,TE,TB,224.93,3,273.0,,186.8,215.0
234,Wil Lutz,K,DEN,226.3,2,,147.0,305.6,
235,Ja'Kobi Lane,WR,BAL,230.03,3,243.0,,183.1,264.0
236,Dontayvion Wicks,WR,PHI,230.8,3,265.0,,230.4,197.0
237,Sean Tucker,RB,TB,231.37,3,263.0,,247.1,184.0
238,Jaylin Noel,WR,HOU,232.07,3,217.0,,279.2,200.0
239,Cooper Kupp,WR,SEA,232.27,3,239.0,,244.8,213.0
240,Jaylen Wright,RB,MIA,232.63,3,236.0,,255.9,206.0
241,Demond Claiborne,RB,MIN,233.8,3,233.0,,246.4,222.0
242,Chase McLaughlin,K,TB,233.83,3,249.0,149.0,303.5,
243,Jaydon Blue,RB,DAL,233.83,3,254.0,,238.5,209.0
244,David Njoku,TE,LAC,234.03,3,299.0,,191.1,212.0
245,Tyler Loop,K,BAL,234.2,3,201.0,124.0,267.4,
246,Jordan James,RB,SF,234.73,3,204.0,,273.2,227.0
247,Kaelon Black,RB,SF,235.83,3,225.0,,247.5,235.0
248,Chimere Dike,WR,TEN,235.95,2,,,255.9,216.0
249,Greg Dulcich,TE,MIA,236.07,3,272.0,,215.2,221.0
250,Pat Bryant,WR,DEN,236.23,3,274.0,,231.7,203.0
251,Justice Hill,RB,BAL,236.7,3,211.0,,271.1,228.0
252,Emanuel Wilson,RB,SEA,238.8,3,279.0,,261.4,176.0
253,Chris Bell,WR,MIA,239.1,3,223.0,,251.3,243.0
254,Trey Benson,RB,ARI,239.9,2,,,235.8,244.0
255,Keon Coleman,WR,BUF,240.77,3,245.0,,259.3,218.0
256,Ted Hurst III,WR,TB,242.43,3,244.0,,243.3,240.0
257,Malachi Fields,WR,NYG,244.35,2,,,239.7,249.0
258,Tyreek Hill,WR,MIA,245.25,2,,,228.5,262.0
259,Mason Taylor,TE,NYJ,245.35,2,,,245.7,245.0
260,Jack Bech,WR,LV,245.4,3,221.0,,284.2,231.0
261,Theo Johnson,TE,NYG,245.85,2,,,253.7,238.0
262,Buffalo Bills,DST,BUF,248.1,2,,194.0,302.2,
263,George Holani,RB,SEA,250.1,3,255.0,,271.3,224.0
264,Tory Horton,WR,SEA,251.53,3,275.0,,254.6,225.0
265,JJ. McCarthy,QB,MIN,252.77,3,209.0,,241.3,308.0
266,Ollie Gordon II,RB,MIA,253.43,3,237.0,,315.3,208.0
267,Elic Ayomanor,WR,TEN,253.85,2,,,290.7,217.0
268,Evan Engram,TE,DEN,254.03,3,300.0,,239.1,223.0
269,Cyrus Allen,WR,KC,254.2,2,,,220.4,288.0
270,Elijah Sarratt,WR,BAL,255.77,3,276.0,,257.3,234.0
271,Green Bay Packers,DST,GB,256.0,2,247.0,,265.0,
272,Samaje Perine,RB,CIN,259.27,3,251.0,,278.8,248.0
273,Carson Beck,QB,ARI,260.23,3,229.0,,218.7,333.0
274,Brandon Aiyuk,WR,SF,260.7,3,242.0,,294.1,246.0
275,Mike Gesicki,TE,CIN,262.8,3,298.0,,233.4,257.0
276,Caleb Douglas,WR,MIA,263.8,3,240.0,,269.4,282.0
277,Xavier Legette,WR,CAR,264.8,3,220.0,,324.4,250.0
278,Evan McPherson,K,CIN,265.95,3,269.0,128.0,262.9,
279,Jerome Ford,RB,WAS,267.0,1,,,,267.0
280,LeQuint Allen Jr.,RB,JAX,268.0,3,252.0,,287.0,265.0
281,Tyquan Thornton,WR,KC,268.17,3,282.0,,289.5,233.0
282,Christian Kirk,WR,SF,268.4,2,,,295.8,241.0
283,Jake Tonges,TE,SF,268.83,3,302.0,,234.5,270.0
284,Isaiah Davis,RB,NYJ,270.03,3,258.0,,322.1,230.0
285,Chris Brooks,RB,GB,270.07,3,260.0,,313.2,237.0
286,Devaughn Vele,WR,NO,270.5,2,,,288.0,253.0
287,Adam Randall,RB,BAL,272.7,3,250.0,,310.1,258.0
288,Ty Johnson,RB,BUF,273.67,3,256.0,,329.0,236.0
289,Kaleb Johnson,RB,PIT,275.0,2,,,299.0,251.0
290,Darnell Washington,TE,PIT,275.5,2,,,274.0,277.0
291,Emari Demercado,RB,KC,276.2,3,257.0,,317.6,254.0
292,Skyler Bell,WR,BUF,279.15,2,,,286.3,272.0
293,Marvin Mims Jr.,WR,DEN,279.17,3,293.0,,297.5,247.0
294,Keenan Allen,WR,IND,279.7,1,,,279.7,
295,Antonio Brown,WR,,279.75,2,40.0,,519.5,
296,Darius Slayton,WR,NYG,281.07,3,280.0,,321.2,242.0
297,Devin Neal,RB,NO,282.25,2,,,332.5,232.0
298,Cade Klubnik,QB,NYJ,283.8,1,,,283.8,
299,Oscar Delp,TE,NO,284.15,2,,,316.3,252.0
300,Andrei Iosivas,WR,CIN,284.2,3,283.0,,293.6,276.0
301,Elijah Arroyo,TE,SEA,285.6,2,,,277.2,294.0
302,Cedric Tillman,WR,CLE,286.0,1,,,,286.0
303,Ty Simpson,QB,LAR,286.0,2,,,227.0,345.0
304,Mac Jones,QB,SF,286.7,3,262.0,,252.1,346.0
305,Tyler Badie,RB,DEN,287.0,1,287.0,,,
306,Seth McGowan,RB,IND,288.47,3,290.0,,309.4,266.0
307,Justin Fields,QB,KC,289.7,3,230.0,,275.1,364.0
308,Konata Mumpfield,WR,LAR,290.0,1,,,,290.0
309,Cole Kmet,TE,CHI,290.65,2,,,282.3,299.0
310,Joe Mixon,RB,,291.75,2,,,300.5,283.0
311,Kareem Hunt,RB,KC,292.0,1,,,,292.0
312,Max Klare,TE,LAR,292.0,2,,,295.0,289.0
313,Michael Mayer,TE,LV,292.47,3,301.0,,276.4,300.0
314,Dawson Knox,TE,BUF,293.25,2,,,285.5,301.0
315,Kyle Williams,WR,NE,293.8,2,,,327.6,260.0
316,Kendre Miller,RB,NO,294.37,3,291.0,,337.1,255.0
317,Eli Raridon,TE,NE,297.45,2,,,281.9,313.0
318,Najee Harris,RB,NYG,298.3,1,,,298.3,
319,Brashard Smith,RB,KC,299.8,2,,,331.6,268.0
320,Jahan Dotson,WR,ATL,300.03,3,284.0,,319.1,297.0
321,Chicago Bears,DST,CHI,300.75,2,295.0,,306.5,
322,Dallas Cowboys,DST,DAL,301.6,1,,,301.6,
323,San Francisco 49ers,DST,SF,304.25,2,305.0,,303.5,
324,Jawhar Jordan,RB,HOU,305.0,2,292.0,,,318.0
325,Bam Knight,RB,ARI,307.0,1,,,,307.0
326,New York Giants,DST,NYG,307.0,1,,,307.0,
327,Jarquez Hunter,RB,LAR,309.85,2,,,341.7,278.0
328,Michael Carter,RB,TEN,311.0,1,,,,311.0
329,Audric Estime,RB,NO,312.4,2,,,343.8,281.0
330,Darren Waller,TE,CAR,312.65,2,,,266.3,359.0
331,Noah Gray,TE,KC,313.0,2,,,323.0,303.0
332,KaVontae Turpin,WR,DAL,313.87,3,303.0,,311.6,327.0
333,Dyami Brown,WR,WAS,314.5,2,277.0,,,352.0
334,DeMario Douglas,WR,NE,314.95,2,,,327.9,302.0
335,Brenen Thompson,WR,LAC,315.35,2,,,318.7,312.0
336,Jaylin Lane,WR,WAS,316.5,2,304.0,,,329.0
337,Justin Joly,TE,DEN,316.6,2,,,319.2,314.0
338,Ja'Tavion Sanders,TE,CAR,318.85,2,,,339.7,298.0
339,Raheim Sanders,RB,CLE,319.0,1,,,,319.0
340,Noah Fant,TE,NO,322.0,1,,,,322.0
341,Xavier Hutchinson,WR,HOU,323.0,1,,,,323.0
342,Joe Flacco,QB,CIN,323.1,3,261.0,,311.3,397.0
343,Cairo Santos,K,CHI,324.53,3,202.0,143.0,628.6,
344,Anthony Richardson Sr.,QB,IND,326.95,2,,,291.9,362.0
345,Jalen Milroe,QB,SEA,330.0,1,,,330.0,
346,Nick Westbrook-Ikhine,WR,IND,331.0,1,,,,331.0
347,Charlie Kolar,TE,LAC,331.95,2,,,314.9,349.0
348,Trey Smack,K,GB,332.1,3,296.0,179.0,521.3,
349,Will Howard,QB,PIT,333.1,1,,,333.1,
350,Zavion Thomas,WR,CHI,334.15,2,,,326.3,342.0
351,Garrett Nussmeier,QB,KC,335.8,1,,,335.8,
352,Jam Miller,RB,NE,336.0,1,,,,336.0
353,Quinn Ewers,QB,MIA,336.0,1,,,336.0,
354,Ben Sinnott,TE,WAS,337.0,1,,,,337.0
355,Dameon Pierce,RB,PHI,338.0,1,,,,338.0
356,Mike Nugent,K,,338.0,1,,,338.0,
357,Davis Cheek,QB,,339.0,1,,,339.0,
358,Clayton Tune,QB,,340.0,1,,,340.0,
359,Austin Ekeler,RB,,341.0,1,,,,341.0
360,Randy Bullock,K,,341.0,1,,,341.0,
361,Blake Watson,RB,,342.0,1,,,342.0,
362,Greg Zuerlein,K,,343.0,1,,,343.0,
363,Jordan Whittington,WR,LAR,343.0,1,,,,343.0
364,Jake Elliott,K,PHI,343.83,3,297.0,152.0,582.5,
365,DaeSean Hamilton,WR,,344.0,1,,,344.0,
366,Devontez Walker,WR,BAL,344.0,1,,,,344.0
367,Anders Carlson,K,,345.0,1,,,345.0,
368,Travell Harris,WR,,346.0,1,,,346.0,
369,Jonathan Garibay,K,,347.0,1,,,347.0,
370,Terrell Jennings,RB,NE,347.0,1,,,,347.0
371,Marcus Mariota,QB,WAS,347.25,2,,,325.5,369.0
372,Brenden Rice,WR,,348.0,1,,,348.0,
373,Mitchell Evans,TE,CAR,348.0,1,,,,348.0
374,Graham Gano,K,,349.0,1,,,349.0,
375,Sione Vaki,RB,DET,350.0,1,,,,350.0
376,Rodrigo Blankenship,K,,350.7,1,,,350.7,
377,Ashton Dulin,WR,IND,351.0,1,,,,351.0
378,Stephen Hauschka,K,,351.0,1,,,351.0,
379,Alex Hale,K,,352.0,1,,,352.0,
380,Christopher Dunn,K,,353.0,1,,,353.0,
381,John Bates,TE,WAS,353.0,1,,,,353.0
382,Dayton Wade,WR,BAL,354.0,1,,,354.0,
383,Jeremy McNichols,RB,WAS,355.0,1,,,,355.0
384,Lamar Jordan,QB,,355.0,1,,,355.0,
385,Golden Tate,WR,,356.0,1,,,356.0,
386,Roschon Johnson,RB,CHI,356.0,1,,,,356.0
387,Matthew Trickett,K,,357.0,1,,,357.0,
388,Dane Key,WR,DEN,358.0,1,,,358.0,
389,Deion Burks,WR,IND,358.0,1,,,,358.0
390,Kai Forbath,K,,359.0,1,,,359.0,
391,Terion Stewart,RB,KC,359.5,1,,,359.5,
392,Camren McDonald,TE,,361.0,1,,,361.0,
393,Xavier Guillory,WR,BAL,362.0,1,,,362.0,
394,Austin Hooper,TE,ATL,363.0,1,,,,363.0
395,Odell Beckham Jr.,WR,NYG,363.5,2,,,308.0,419.0
396,Cody Fajardo,QB,,365.0,1,,,365.0,
397,Mitch Tinsley,WR,CIN,365.0,1,,,,365.0
398,Shea Patterson,QB,,366.0,1,,,366.0,
399,Mark Gronowski,QB,MIA,367.0,1,,,367.0,
400,Xazavian Valladay,RB,,368.0,1,,,368.0,
401,Jaret Patterson,RB,LAC,369.0,2,,,377.0,361.0
402,Matt Corral,QB,,369.0,1,,,369.0,
403,Brandon Williams,TE,,370.0,1,,,370.0,
404,Tommy Myers,TE,,370.0,1,,,,370.0
405,Mike White,QB,,371.0,1,,,371.0,
406,Nick Folk,K,ATL,371.47,3,270.0,159.0,685.4,
407,Uzoma Nwachukwu,WR,,372.0,1,,,372.0,
408,Riley Leonard,QB,IND,372.6,2,,,335.2,410.0
409,Bronson Rechsteiner,RB,,373.0,1,,,373.0,
410,Hunter Luepke,RB,DAL,373.0,1,,,,373.0
411,Damien Martinez,RB,GB,374.0,1,,,,374.0
412,Roland Rivers,QB,,374.0,1,,,374.0,
413,Cleveland Browns,DST,CLE,374.55,2,187.0,,562.1,
414,Anthony Landphere,TE,,375.0,1,,,375.0,
415,Zavier Scott,RB,MIN,375.0,1,,,,375.0
416,Travis Benjamin,WR,,376.0,1,,,376.0,
417,Antonio Gibson,RB,,377.0,1,,,,377.0
418,Tyre Brady,WR,,378.5,1,,,378.5,
419,Derek Wright,WR,,379.8,1,,,379.8,
420,Chase Daniel,QB,,380.0,1,,,380.0,
421,Ty Chandler,RB,NO,380.0,1,,,,380.0
422,Cash Jones,RB,ATL,381.0,1,,,,381.0
423,Charlie Smyth,K,NO,381.1,2,,163.0,599.2,
424,Josh Love,QB,,381.8,1,,,381.8,
425,Corey Sutton,WR,,382.9,1,,,382.9,
426,Aeneas Dennis,QB,,383.0,1,,,383.0,
427,Jason Witten,TE,,383.2,1,,,383.2,
428,Matt Prater,K,,385.8,1,,,385.8,
429,Brady Cook,QB,NYJ,386.5,1,,,386.5,
430,Squirrel White,WR,,387.0,1,,,387.0,
431,Tyler Lockett,WR,LV,388.0,1,,,,388.0
432,AJ. Ouellette,RB,,389.1,1,,,389.1,
433,Malik Davis,RB,DAL,390.2,3,278.0,,663.6,229.0
434,Britain Covey,WR,PHI,390.3,1,,,390.3,
435,Gabe Nabers,RB,,391.0,1,,,391.0,
436,Mo Alie-Cox,TE,IND,391.0,1,,,,391.0
437,Jameis Winston,QB,NYG,391.4,2,,,292.8,490.0
438,Ray-Ray McCloud,WR,CHI,391.5,1,,,391.5,
439,Josh Oliver,TE,MIN,392.0,1,,,,392.0
440,Jahdae Walker,WR,CHI,393.0,1,,,,393.0
441,James Proche,WR,,393.0,1,,,393.0,
442,Scotty Miller,WR,CHI,393.35,2,,,397.7,389.0
443,Stephen Gostkowski,K,,394.2,1,,,394.2,
444,Kalil Pimpleton,WR,,396.0,1,,,396.0,
445,Marquez Valdes-Scantling,WR,DAL,396.0,1,,,,396.0
446,DJ Giddens,RB,IND,398.13,3,264.0,,691.4,239.0
447,Jimmy Kibble,WR,NE,398.3,1,,,398.3,
448,Greg Bell,RB,,399.0,1,,,399.0,
449,Nate Boerkircher,TE,JAX,399.0,1,,,,399.0
450,Robert Henry Jr.,RB,WAS,399.4,2,,,422.8,376.0
451,AJ. Richardson,WR,,399.8,1,,,399.8,
452,Noah Brown,WR,LV,401.0,1,,,401.0,
453,Jakobie Keeney-James,WR,PIT,402.0,1,,,,402.0
454,Paul Richardson,WR,,402.0,1,,,402.0,
455,Miles Sanders,RB,,403.0,1,,,,403.0
456,Jack Coan,QB,,403.8,1,,,403.8,
457,Tim Patrick,WR,NYJ,404.0,1,,,,404.0
458,Jalen Tolbert,WR,MIA,404.07,3,238.0,,683.2,291.0
459,Joey Slye,K,TEN,404.55,2,,178.0,631.1,
460,Chris Moore,WR,BAL,405.8,1,,,405.8,
461,Kendric Pryor,WR,CIN,406.0,1,,,,406.0
462,Matt Gay,K,LV,406.5,2,,169.0,644.0,
463,Xavier Loyd,WR,KC,406.6,1,,,406.6,
464,Chris Naggar,K,,407.1,1,,,407.1,
465,Trace McSorley,QB,,407.8,1,,,407.8,
466,Sterling Shepard,WR,,408.0,1,,,,408.0
467,Andre Szmyt,K,CLE,408.65,2,,190.0,627.3,
468,Elijah Tau-Tolliver,RB,BAL,409.0,1,,,,409.0
469,Travon McMillian,RB,,409.0,1,,,409.0,
470,Devin Singletary,RB,NYG,409.9,3,286.0,,687.7,256.0
471,Justin Tucker,K,,410.3,1,,,410.3,
472,Tanner Koziol,TE,JAX,411.0,1,,,,411.0
473,Josh Pederson,TE,,411.8,1,,,411.8,
474,Fred Brown,WR,,412.0,1,,,412.0,
475,Kevin Austin Jr.,WR,NO,412.0,1,,,,412.0
476,Tampa Bay Buccaneers,DST,TB,412.0,2,246.0,,578.0,
477,Chad Ryland,K,ARI,412.3,2,,187.0,637.6,
478,Blake Grupe,K,IND,412.45,2,,155.0,669.9,
479,Donovan Edwards,RB,MIA,412.5,2,,,443.0,382.0
480,Camden Brown,WR,DAL,413.6,1,,,413.6,
481,Dean Connors,RB,LAR,413.65,2,,,404.3,423.0
482,Jarvis Landry,WR,,414.5,1,,,414.5,
483,Hassan Haskins,RB,NE,415.5,1,,,415.5,
484,Tahj Brooks,RB,CIN,415.5,3,288.0,,683.5,275.0
485,Cole Kelley,QB,,415.8,1,,,415.8,
486,Will Shipley,RB,PHI,416.0,3,285.0,,676.0,287.0
487,Xavier Smith,WR,LAR,416.0,1,,,,416.0
488,Savion Williams,WR,GB,416.53,3,266.0,,653.6,330.0
489,Jordan Waters,RB,LAR,417.0,1,,,,417.0
490,Parker White,K,,417.2,1,,,417.2,
491,Ryan Fitzgerald,K,CAR,417.7,2,,168.0,667.4,
492,Jacardia Wright,RB,SEA,418.0,1,,,,418.0
493,Tony Brooks-James,RB,,418.5,1,,,418.5,
494,Trevor Etienne,RB,CAR,418.57,3,289.0,,693.7,273.0
495,Treylon Burks,WR,WAS,418.77,3,281.0,,669.3,306.0
496,Spencer Sanders,QB,,419.5,1,,,419.5,
497,Luke Schoonmaker,TE,DAL,420.0,1,,,,420.0
498,AJ. Green,WR,,420.8,1,,,420.8,
499,Ameer Abdullah,RB,JAX,421.0,1,,,,421.0
500,Cody Schrader,RB,DEN,421.0,1,,,421.0,
501,Jason Sanders,K,NYJ,421.25,2,,160.0,682.5,
502,Elijah Mitchell,RB,PHI,422.0,1,,,,422.0
503,Cincinnati Bengals,DST,CIN,422.25,2,294.0,,550.5,
504,Jake Moody,K,WAS,422.55,2,,161.0,684.1,
505,Jalen Simmons,RB,,423.0,1,,,423.0,
506,Jackson Hawes,TE,BUF,424.0,1,,,,424.0
507,Jalen McCleskey,WR,,424.0,1,,,424.0,
508,Salvon Ahmed,RB,CHI,425.0,1,,,,425.0
509,Mikey Daniel,RB,,425.5,1,,,425.5,
510,Jeshaun Jones,WR,MIN,426.0,1,,,,426.0
511,Taulia Tagovailoa,QB,,426.5,1,,,426.5,
512,DJ. Montgomery,WR,IND,427.0,1,,,427.0,
513,Elijah Higgins,TE,ARI,427.0,1,,,,427.0
514,Sincere McCormick,RB,SF,428.0,1,,,,428.0
515,Ian Book,QB,,428.2,1,,,428.2,
516,Marshawn Lynch,RB,,429.0,1,,,429.0,
517,Pierre Strong Jr.,RB,GB,429.0,1,,,,429.0
518,Nathan Carter,RB,ATL,430.0,2,,,388.0,472.0
519,Josh Imatorbhebhe,WR,,430.1,1,,,430.1,
520,Corey Kiner,RB,ARI,431.0,1,,,,431.0
521,Dohnte Meyers,WR,CIN,431.5,2,,,448.0,415.0
522,Tanner Brown,K,NO,431.5,1,,,431.5,
523,Peyton Hendershot,TE,,431.8,1,,,431.8,
524,Tre' McKitty,TE,WAS,433.0,1,,,433.0,
525,Brandon McManus,K,GB,434.8,1,,,434.8,
526,Stephon Robinson,WR,,435.0,1,,,435.0,
527,Tai Felton,WR,MIN,435.0,1,,,,435.0
528,Zay Jones,WR,,436.0,1,,,,436.0
529,Geor'Quarius Spivey,TE,,436.5,1,,,436.5,
530,Miles Davis,RB,CAR,437.0,1,,,,437.0
531,Adam Vinatieri,K,,437.4,1,,,437.4,
532,Coleman Owen,WR,IND,438.0,1,,,,438.0
533,Jake Haener,QB,NYG,438.0,1,,,438.0,
534,Stephen Carlson,TE,CHI,439.0,1,,,439.0,
535,Tahj Washington,WR,MIA,439.0,1,,,,439.0
536,Taylor Heinicke,QB,,439.5,1,,,439.5,
537,Michael Trigg,TE,DAL,439.9,2,,,334.8,545.0
538,Evan Hull,RB,ARI,440.0,1,,,,440.0
539,KeAndre Lambert-Smith,WR,LAC,441.0,1,,,,441.0
540,Dez Bryant,WR,,441.9,1,,,441.9,
541,Drew Sample,TE,CIN,442.0,1,,,,442.0
542,Jared Wayne,WR,HOU,443.0,1,,,,443.0
543,Jake Funk,RB,,444.5,1,,,444.5,
544,Brandin Cooks,WR,,445.0,1,,,,445.0
545,Matt Moore,QB,,445.5,1,,,445.5,
546,Raheem Mostert,RB,LV,446.0,1,,,,446.0
547,Blake Bortles,QB,NO,446.3,1,,,446.3,
548,Mason Kinsey,WR,TEN,447.0,1,,,447.0,
549,Maurice Alexander,WR,CHI,447.0,1,,,,447.0
550,Quez Watkins,WR,PHI,448.0,1,,,,448.0
551,Durham Smythe,TE,BAL,449.0,1,,,,449.0
552,Ricky Person,RB,,449.3,1,,,449.3,
553,Larry Fitzgerald,WR,,450.4,1,,,450.4,
554,AJ. Rose,RB,,451.0,1,,,451.0,
555,Alec Ingold,RB,LAC,451.0,1,,,,451.0
556,Myles Montgomery,RB,NE,451.25,2,,,523.5,379.0
557,New York Jets,DST,NYJ,451.5,2,306.0,,597.0,
558,Frank Gore Jr.,RB,BUF,451.6,2,,,531.2,372.0
559,Alex Quevedo,K,,452.0,1,,,452.0,
560,Dontae McMillan,RB,BAL,452.0,1,,,,452.0
561,Cody Parkey,K,,453.0,1,,,453.0,
562,Michael Woods II,WR,DEN,453.0,1,,,,453.0
563,Todd Gurley,RB,,454.5,1,,,454.5,
564,Indianapolis Colts,DST,IND,455.5,2,268.0,,643.0,
565,Tony Poljan,TE,,455.5,1,,,455.5,
566,Kylin Hill,RB,,456.0,1,,,456.0,
567,Ronnie Bell,WR,NO,456.0,1,,,,456.0
568,Dylan Laube,RB,LV,456.95,2,,,535.9,378.0
569,Cam Worthy,WR,,457.0,1,,,457.0,
570,Tyler Scott,WR,LAR,457.0,1,,,,457.0
571,Alexander Mattison,RB,,459.0,1,,,,459.0
572,Sam Hartman,QB,WAS,459.5,1,,,459.5,
573,Adam Humphries,WR,,460.3,1,,,460.3,
574,Josh Reynolds,WR,,461.0,1,,,,461.0
575,New Orleans Saints,DST,NO,461.1,2,307.0,,615.2,
576,DeMeer Blankumsee,WR,,461.8,1,,,461.8,
577,Eli Jenkins,QB,,462.0,1,,,462.0,
578,KJ. Osborn,WR,TEN,463.0,1,,,,463.0
579,Simi Fehoko,WR,ARI,463.5,1,,,463.5,
580,Tristan Vizcaino,K,,463.5,1,,,463.5,
581,Dominic Lovett,WR,DET,464.0,1,,,,464.0
582,Emmanuel Henderson Jr.,WR,SEA,464.65,2,,,395.3,534.0
583,Brock Wright,TE,DET,465.0,1,,,,465.0
584,Isaiah Bond,WR,CLE,465.45,2,,,659.9,271.0
585,Ricky White,WR,SEA,465.8,1,,,465.8,
586,Jack Endries,TE,CIN,466.0,1,,,,466.0
587,Riley Neal,QB,,466.8,1,,,466.8,
588,Jalen Reagor,WR,MIA,467.0,1,,,,467.0
589,Ryan Becker,TE,,467.0,1,,,467.0,
590,Van Jefferson,WR,WAS,468.0,1,,,,468.0
591,Gary Jennings,WR,,468.5,1,,,468.5,
592,Davis Koppenhaver,TE,,469.5,1,,,469.5,
593,Tim Tebow,TE,,470.7,1,,,470.7,
594,Kalel Mullings,RB,TEN,471.0,1,,,,471.0
595,Tyler Higbee,TE,LAR,471.05,2,,,649.1,293.0
596,Teagan Quitoriano,TE,ARI,471.2,1,,,471.2,
597,Carolina Panthers,DST,CAR,471.95,2,308.0,,635.9,
598,Mike Rigerman,TE,,472.0,1,,,472.0,
599,Noah Whittington,RB,HOU,472.5,2,,,485.0,460.0
600,Jordan Watkins,WR,SF,473.0,1,,,,473.0
601,Tim Cook,RB,,473.0,1,,,473.0,
602,Joshua Pitsenberger,RB,HOU,473.65,2,,,458.3,489.0
603,Derek Carr,QB,,474.0,1,,,474.0,
604,Mack Hollins,WR,NE,474.1,2,,,685.2,263.0
605,Athan Kaliakmanis,QB,WAS,475.3,1,,,475.3,
606,Tez Johnson,WR,TB,475.3,2,,,665.6,285.0
607,Skyler Howard,QB,SEA,476.0,1,,,476.0,
608,Tanner Hudson,TE,CIN,476.0,1,,,,476.0
609,Isaac Guerendo,RB,SF,476.15,2,,,678.3,274.0
610,Bub Means,WR,NO,477.0,2,,,492.0,462.0
611,AT. Perry,WR,,477.3,1,,,477.3,
612,Jacob De Jesus,WR,KC,478.3,1,,,478.3,
613,Hollywood Brown,WR,PHI,479.0,2,,,699.0,259.0
614,Lenny Krieg,K,,480.0,1,,,480.0,
615,Lew Nichols III,RB,PIT,480.0,1,,,,480.0
616,Jaleel McLaughlin,RB,DEN,480.55,2,,,681.1,280.0
617,Bryce Love,RB,,481.0,1,,,481.0,
618,Russell Gage Jr.,WR,,482.0,1,,,,482.0
619,Reggie Gilliam,RB,NE,482.15,2,,,442.3,522.0
620,Jacob Clark,QB,LV,482.5,1,,,482.5,
621,Travis Homer,RB,PIT,483.0,1,,,,483.0
622,Dalvin Cook,RB,,483.5,1,,,483.5,
623,Kendrick Bourne,WR,ARI,483.95,2,,,657.9,310.0
624,Chip Trayanum,RB,NYJ,484.0,1,,,,484.0
625,Ulysses Bentley,RB,IND,484.0,1,,,484.0,
626,Jabari Small,RB,DET,486.0,1,,,,486.0
627,Jimmy Bell,TE,,486.5,1,,,486.5,
628,Tom Kennedy,WR,DET,487.5,1,,,487.5,
629,Wesley Grimes,WR,SF,487.5,1,,,487.5,
630,Anthony Hankerson,RB,MIA,488.0,1,,,,488.0
631,Joey Aguilar,QB,JAX,489.0,1,,,489.0,
632,Chris Brazzell II,WR,CAR,489.8,2,,,700.6,279.0
633,Jalen Royals,WR,KC,489.95,2,,,683.9,296.0
634,Diontae Johnson,WR,,490.5,2,,,479.0,502.0
635,Michael Thomas,WR,,490.5,1,,,490.5,
636,Luke McCaffrey,WR,WAS,490.65,2,,,697.3,284.0
637,Ja'Quinden Jackson,RB,,491.0,1,,,,491.0
638,EJ Smith,RB,KC,491.25,2,,,497.5,485.0
639,Josh Gordon,WR,,491.5,1,,,491.5,
640,British Brooks,RB,HOU,492.5,2,,,555.0,430.0
641,Ezekiel Elliott,RB,,493.0,1,,,493.0,
642,Kendall Milton,RB,CIN,493.0,1,,,,493.0
643,AJ Dillon,RB,CAR,493.3,2,,,591.6,395.0
644,Floyd Allen,WR,,494.0,1,,,494.0,
645,Jeremy Ruckert,TE,NYJ,494.0,1,,,,494.0
646,David Sills V,WR,TB,495.0,1,,,,495.0
647,Brock Rechsteiner,WR,NO,495.3,1,,,495.3,
648,Aidan O'Connell,QB,LV,496.0,1,,,496.0,
649,Kendrick Law,WR,DET,496.0,1,,,,496.0
650,Joshua Palmer,WR,BUF,496.8,2,,,688.6,305.0
651,Graig Cooper,RB,,497.0,1,,,,497.0
652,Calvin Austin III,WR,NYG,497.15,2,,,699.3,295.0
653,Cedrick Wilson Jr.,WR,DET,498.0,1,,,,498.0
654,Samori Toure,WR,PHI,498.3,1,,,498.3,
655,Michael Briscoe,WR,MIN,499.0,1,,,,499.0
656,Lenard Tillery,RB,,499.3,1,,,499.3,
657,Eli Heidenreich,RB,PIT,500.2,2,,,691.4,309.0
658,Erick All Jr.,TE,CIN,500.3,2,,,685.6,315.0
659,Kurtis Rourke,QB,SF,500.5,1,,,500.5,
660,Olamide Zaccheaus,WR,ATL,501.4,2,,,698.8,304.0
661,Mike Glennon,QB,,501.5,1,,,501.5,
662,Nick Foles,QB,,502.8,1,,,502.8,
663,Sam Roush,TE,CHI,503.0,1,,,,503.0
664,Warren Jackson,WR,,503.2,1,,,503.2,
665,Josh Johnson,WR,,503.3,1,,,503.3,
666,Nick Chubb,RB,HOU,503.55,2,,,686.1,321.0
667,Ronnie Rivers,RB,LAR,505.1,2,,,605.2,405.0
668,Tommy Tremble,TE,CAR,505.3,2,,,671.6,339.0
669,Jermar Jefferson,RB,MIN,505.7,2,,,519.4,492.0
670,Kyle Juszczyk,RB,SF,505.8,2,,,679.6,332.0
671,Bryce Lance,WR,NO,505.85,2,,,695.7,316.0
672,Lil'Jordan Humphrey,WR,DEN,506.0,1,,,,506.0
673,Robbie Gould,K,,506.0,1,,,506.0,
674,Tyler Goodson,RB,ATL,506.1,2,,,626.2,386.0
675,Chris Blair,WR,ATL,507.0,1,,,,507.0
676,James Robinson,RB,,507.5,1,,,507.5,
677,John Metchie III,WR,CAR,507.7,2,,,691.4,324.0
678,Tutu Atwell,WR,MIA,507.8,2,,,689.6,326.0
679,J'Mari Taylor,RB,JAX,507.85,2,,,698.7,317.0
680,Changa Hodge,WR,,508.5,1,,,508.5,
681,Luke Musgrave,TE,GB,508.6,2,,,692.2,325.0
682,CJ Donaldson,RB,NO,509.0,1,,,,509.0
683,LeSean McCoy,RB,,509.3,1,,,509.3,
684,Adam Choice,RB,,510.0,1,,,510.0,
685,Ian Thomas,TE,LV,510.0,1,,,,510.0
686,Dont'e Thornton Jr.,WR,LV,510.05,2,,,700.1,320.0
687,Zach Ertz,TE,WAS,510.7,2,,,664.4,357.0
688,Rasheen Ali,RB,BAL,510.85,2,,,681.7,340.0
689,Brandon Johnson,WR,LV,511.0,1,,,,511.0
690,Adam Prentice,RB,DEN,511.5,2,,,554.0,469.0
691,Shane Leatherbury,WR,,511.5,1,,,511.5,
692,Jimmy Garoppolo,QB,LAR,512.0,1,,,512.0,
693,Kalif Raymond,WR,CHI,512.85,2,,,697.7,328.0
694,Alex Smith,QB,,513.0,1,,,513.0,
695,Nate Adkins,TE,DEN,513.0,1,,,,513.0
696,Kevin Coleman Jr.,WR,MIA,513.9,2,,,692.8,335.0
697,Kenny McIntosh,RB,,514.0,1,,,,514.0
698,Phil Mafah,RB,DAL,514.05,2,,,694.1,334.0
699,Moliki Matavao,TE,NO,515.0,1,,,,515.0
700,Younghoe Koo,K,NYJ,515.9,1,,,515.9,
701,Will Mallory,TE,IND,516.0,1,,,,516.0
702,Marlin Klein,TE,HOU,516.5,2,,,666.0,367.0
703,Vernon Davis,TE,,516.5,1,,,516.5,
704,DeeJay Dallas,RB,JAX,517.4,2,,,514.8,520.0
705,Henry Ruggs,WR,,517.7,1,,,517.7,
706,Cam Akers,RB,,518.0,1,,,,518.0
707,Malik Benson,WR,LV,518.45,2,,,668.9,368.0
708,Cade McDonald,WR,,518.8,1,,,518.8,
709,Mecole Hardman Jr.,WR,BUF,521.0,2,,,572.0,470.0
710,Sal Cannella,TE,,521.0,1,,,,521.0
711,Jacob Saylors,RB,DET,522.35,2,,,661.7,383.0
712,Philip Rivers,QB,,522.4,1,,,522.4,
713,Daniel Bellinger,TE,TEN,522.55,2,,,685.1,360.0
714,Roman Hemby,RB,LV,522.9,2,,,655.8,390.0
715,Josh Williams,RB,TB,524.0,1,,,,524.0
716,Alex Kessman,K,CAR,524.3,1,,,524.3,
717,Tylan Wallace,WR,CLE,525.0,1,,,,525.0
718,Khari Blasingame,RB,,525.8,1,,,525.8,
719,Michael Burton,RB,CLE,526.0,1,,,,526.0
720,Reid Sinnett,QB,,526.0,1,,,526.0,
721,Jonnu Smith,TE,PIT,526.1,2,,,686.2,366.0
722,Jake Bobo,WR,SEA,526.15,2,,,654.3,398.0
723,Roman Wilson,WR,PIT,526.45,2,,,651.9,401.0
724,Greg Dortch,WR,DET,526.65,2,,,699.3,354.0
725,Demarcus Robinson,WR,SF,526.8,2,,,682.6,371.0
726,Tyler Conklin,TE,DET,527.0,1,,,,527.0
727,Adam Thielen,WR,,527.3,1,,,527.3,
728,Kennedy Brooks,RB,,527.5,1,,,527.5,
729,Jared Wiley,TE,KC,527.75,2,,,551.5,504.0
730,Michael Bandy,WR,DEN,528.0,1,,,,528.0
731,Jacob Cowing,WR,SF,529.0,1,,,,529.0
732,Tom Brady,QB,,529.1,1,,,529.1,
733,Miles Kitselman,TE,DET,530.0,1,,,,530.0
734,Reggie Begelton,WR,,530.5,1,,,530.5,
735,Kye Robichaux,RB,DET,530.75,2,,,603.5,458.0
736,Jordan Akins,TE,,531.0,1,,,,531.0
737,Velus Jones Jr.,WR,SEA,532.0,1,,,,532.0
738,Sewo Olonilua,RB,,532.5,1,,,532.5,
739,CJ Daniels,WR,LAR,532.55,2,,,680.1,385.0
740,Derius Davis,WR,LAC,532.65,2,,,633.3,432.0
741,Foster Moreau,TE,HOU,533.0,1,,,,533.0
742,Las Vegas Raiders,DST,LV,533.3,1,,,533.3,
743,Cameron Latu,TE,PHI,534.3,1,,,534.3,
744,Khalil Herbert,RB,SF,534.95,2,,,685.9,384.0
745,Gary Brightwell,RB,CIN,535.0,1,,,,535.0
746,Johnathan Lloyd,WR,,536.0,1,,,536.0,
747,Michael Wortham,WR,JAX,536.0,1,,,,536.0
748,AJ McCarron,QB,,537.3,1,,,537.3,
749,Joe Milton III,QB,DAL,537.65,2,,,688.3,387.0
750,Patrick Taylor Jr.,RB,SF,538.0,1,,,,538.0
751,Zamir White,RB,SF,538.1,1,,,538.1,
752,Robert Tonyan,TE,PIT,538.45,2,,,564.9,512.0
753,Gabe Davis,WR,,539.0,1,,,,539.0
754,Miami Dolphins,DST,MIA,539.4,1,,,539.4,
755,Arian Smith,WR,NYJ,540.0,1,,,,540.0
756,Jaydn Ott,RB,KC,540.0,2,,,680.0,400.0
757,Brian Hoyer,QB,,540.5,1,,,540.5,
758,Julius Chestnut,RB,TEN,541.0,1,,,,541.0
759,Stanley Berryhill,WR,,541.0,1,,,541.0,
760,Khalil Dinkins,TE,,542.0,1,,,,542.0
761,Tavon Austin,WR,,542.0,1,,,542.0,
762,Rob Gronkowski,TE,,542.9,1,,,542.9,
763,Will Dissly,TE,,543.0,1,,,,543.0
764,Mike DiLiello,QB,,543.3,1,,,543.3,
765,Moose Muhammad,WR,,543.5,1,,,543.5,
766,CJ Williams,WR,JAX,544.0,1,,,,544.0
767,Talolo Limi-Jones,WR,,545.0,1,,,545.0,
768,Albert Okwuegbunam Jr.,TE,LV,546.0,2,,,659.0,433.0
769,Taysom Hill,TE,NO,546.45,2,,,698.9,394.0
770,Lewis Bond,WR,HOU,546.8,1,,,546.8,
771,Jake Browning,QB,TB,547.05,2,,,687.1,407.0
772,Adam Trautman,TE,DEN,547.4,2,,,681.8,413.0
773,Adrian Peterson,RB,,547.9,1,,,547.9,
774,Josh Cameron,WR,JAX,548.0,1,,,,548.0
775,Monte Pottebaum,RB,,548.2,1,,,548.2,
776,Luke Benson,TE,,549.0,1,,,549.0,
777,Spencer Shrader,K,IND,551.5,1,,,551.5,
778,Ben Skowronek,WR,PIT,553.7,1,,,553.7,
779,Colbie Young,WR,CIN,555.75,2,,,697.5,414.0
780,Shane Buechele,QB,BUF,556.0,1,,,556.0,
781,Max Bredeson,TE,MIN,557.5,1,,,557.5,
782,Davis Webb,QB,,558.5,1,,,558.5,
783,Patrick Ricard,RB,NYG,558.6,2,,,643.2,474.0
784,Luke Altmyer,QB,DET,559.0,1,,,559.0,
785,Martavis Bryant,WR,,559.0,1,,,559.0,
786,Tim Jones,WR,JAX,559.9,1,,,559.9,
787,James Blackman,QB,,561.0,1,,,561.0,
788,Xavier Restrepo,WR,TEN,561.6,2,,,673.2,450.0
789,DeSean Jackson,WR,,563.0,1,,,563.0,
790,Jamal Haynes,RB,CIN,563.0,2,,,618.0,508.0
791,Caden Prieskorn,TE,CAR,563.5,1,,,563.5,
792,Isaiah Williams,WR,NYJ,564.45,2,,,674.9,454.0
793,Will Kacmarek,TE,MIA,564.65,2,,,695.3,434.0
794,Tennessee Titans,DST,TEN,565.0,1,,,565.0,
795,Luke Farrell,TE,SF,566.0,1,,,566.0,
796,Jake Rudock,QB,,567.0,1,,,567.0,
797,Myles Price,WR,MIN,567.05,2,,,653.1,481.0
798,Hakeem Butler,TE,DEN,567.2,1,,,567.2,
799,Theo Wease Jr.,WR,MIA,568.7,2,,,693.4,444.0
800,Freddie Swain,WR,,569.5,1,,,569.5,
801,Ty Montgomery,RB,,570.3,1,,,570.3,
802,Garrett Groshek,RB,,571.0,1,,,571.0,
803,Reggie Virgil,WR,ARI,571.25,2,,,667.5,475.0
804,Barion Brown,WR,NO,572.95,2,,,645.9,500.0
805,Ben Roethlisberger,QB,PIT,573.0,1,,,573.0,
806,Terrace Marshall Jr.,WR,MIA,574.25,2,,,671.5,477.0
807,Russell Wilson,QB,,574.7,1,,,574.7,
808,Elijah Moore,WR,PHI,574.9,2,,,694.8,455.0
809,Jake Butt,TE,,575.0,1,,,575.0,
810,Austin Seibert,K,,576.0,1,,,576.0,
811,Ben Mason,TE,,577.1,1,,,577.1,
812,Pharoh Cooper,WR,,579.0,1,,,579.0,
813,Ke'Shawn Williams,WR,CIN,580.0,1,,,580.0,
814,Jermaine Burton,WR,,581.0,2,,,639.0,523.0
815,Drew Brees,QB,,581.1,1,,,581.1,
816,Montorie Foster Jr.,WR,SEA,583.25,2,,,679.5,487.0
817,Dan Bailey,K,,583.3,1,,,583.3,
818,Tyler Bass,K,BUF,583.3,2,,136.0,583.3,
819,Avery Williams,RB,,585.2,1,,,585.2,
820,James White,RB,,586.5,1,,,586.5,
821,Gabriel Benyard,WR,,587.0,1,,,587.0,
822,Jimmy Horn Jr.,WR,CAR,587.65,2,,,670.3,505.0
823,Feleipe Franks,TE,CAR,588.0,1,,,588.0,
824,Demetris Robertson,WR,,589.0,1,,,589.0,
825,Alex Tanney,QB,,590.1,1,,,590.1,
826,Arizona Cardinals,DST,ARI,591.3,1,,,591.3,
827,Daniel Carlson,K,LV,593.8,1,,,593.8,
828,Brogan Roback,QB,,594.0,1,,,594.0,
829,Devin Duvernay,WR,ARI,595.0,2,,,673.0,517.0
830,Daniel Sobkowicz,WR,HOU,595.5,1,,,595.5,
831,Jimmy Graham,TE,,596.5,1,,,596.5,
832,Amar Johnson,RB,LAC,597.25,2,,,647.5,547.0
833,Gerald Everett,TE,,598.0,1,,,598.0,
834,Bobo Wilson,WR,,599.5,1,,,599.5,
835,Jelani Woods,TE,NYJ,599.5,1,,,599.5,
836,DeAndre Hopkins,WR,BAL,600.35,2,,,681.7,519.0
837,Andre Baccellia,WR,,601.1,1,,,601.1,
838,Washington Commanders,DST,WAS,602.9,1,,,602.9,
839,Michael Crabtree,WR,,604.0,1,,,604.0,
840,Joshua Dobbs,QB,DET,606.2,1,,,606.2,
841,Erik Krommenhoek,TE,,607.0,1,,,607.0,
842,Anthony Gould,WR,IND,607.6,2,,,669.2,546.0
843,Cyrus Holder,WR,,608.0,1,,,608.0,
844,Trinity Benson,WR,,609.0,1,,,609.0,
845,Ben DiNucci,QB,,610.3,1,,,610.3,
846,Cole Beasley,WR,,611.3,1,,,611.3,
847,Zach Wilson,QB,NO,612.5,1,,,612.5,
848,De'Montre Tuggle,RB,,613.5,1,,,613.5,
849,Atlanta Falcons,DST,ATL,614.0,1,,,614.0,
850,Kaden Wetjen,WR,PIT,615.5,1,,,615.5,
851,Kazmeir Allen,WR,,617.1,1,,,617.1,
852,Skyy Moore,WR,GB,618.8,2,,,700.6,537.0
853,Brady Russell,TE,SEA,619.0,1,,,619.0,
854,Darius Cooper,WR,PHI,619.6,1,,,619.6,
855,Tyler Davis,TE,,620.0,1,,,620.0,
856,Payton Thorne,QB,,621.0,1,,,621.0,
857,Devontres Dukes,WR,,622.5,1,,,622.5,
858,Braxton Berrios,WR,NYG,623.3,1,,,623.3,
859,Malcolm Perry,WR,,623.5,1,,,623.5,
860,Ihmir Smith-Marsette,WR,ARI,625.0,1,,,625.0,
861,Haynes King,QB,CAR,629.2,1,,,629.2,
862,James McCourt,K,,630.8,1,,,630.8,
863,Jalen Brooks,WR,ARI,631.7,1,,,631.7,
864,Stetson Bennett,QB,LAR,634.9,1,,,634.9,
865,Camerun Peoples,RB,,636.2,1,,,636.2,
866,Diego Pavia,QB,,638.0,1,,,638.0,
867,Javess Blue,WR,,639.2,1,,,639.2,
868,Jack Strand,QB,ATL,640.5,1,,,640.5,
869,Cam Grandy,TE,CIN,641.5,1,,,641.5,
870,Dee Eskridge,WR,,642.0,1,,,642.0,
871,Spencer Rattler,QB,NO,646.0,1,,,646.0,
872,Zach Zenner,RB,,646.0,1,,,646.0,
873,Kameron Johnson,WR,TB,647.2,1,,,647.2,
874,Paul Quessenberry,TE,,648.0,1,,,648.0,
875,David Moore,WR,CAR,649.3,1,,,649.3,
876,Artavis Pierce,RB,,650.5,1,,,650.5,
877,Drew Allar,QB,PIT,651.0,1,,,651.0,
878,Seydou Traore,TE,MIA,652.5,1,,,652.5,
879,Sam Ehlinger,QB,DEN,653.0,1,,,653.0,
880,Tyler Simmons,WR,,655.5,1,,,655.5,
881,Sandro Platzgummer,RB,,657.0,1,,,657.0,
882,Austin Trammell,WR,JAX,658.0,1,,,658.0,
883,Jason Huntley,RB,,660.0,1,,,660.0,
884,Tip Reiman,TE,ARI,661.5,1,,,661.5,
885,Drew Stevens,K,WAS,662.4,1,,,662.4,
886,Josh Whyle,TE,GB,663.0,1,,,663.0,
887,Cade Johnson,WR,,664.0,1,,,664.0,
888,Drew Lock,QB,SEA,665.1,1,,,665.1,
889,Bailey Zappe,QB,NYJ,666.5,1,,,666.5,
890,Charlie Jones,WR,CIN,670.5,1,,,670.5,
891,Trey Lance,QB,LAC,671.2,1,,,671.2,
892,Hunter Renfrow,WR,,671.5,1,,,671.5,
893,Kene Nwangwu,RB,NYJ,672.0,1,,,672.0,
894,Dedrick Mills,RB,,673.3,1,,,673.3,
895,Nick Sciba,K,,674.5,1,,,674.5,
896,Spencer Nigh,RB,,674.5,1,,,674.5,
897,Cade Brewer,TE,,675.5,1,,,675.5,
898,Trevor Wood,TE,,675.5,1,,,675.5,
899,Blaine Gabbert,QB,,676.5,1,,,676.5,
900,Dillon Gabriel,QB,CLE,676.6,1,,,676.6,
901,Lan Larison,RB,NE,677.0,1,,,677.0,
902,Rashad Rochelle,WR,SEA,677.0,1,,,677.0,
903,Tommy DeVito,QB,NE,677.1,1,,,677.1,
904,Aaron Anderson,WR,CLE,677.8,1,,,677.8,
905,Will Levis,QB,TEN,678.0,1,,,678.0,
906,Cade York,K,NYJ,678.3,1,,,678.3,
907,Isaiah Neyor,WR,GB,679.0,1,,,679.0,
908,Nathan Peterman,QB,,679.5,1,,,679.5,
909,Tyson Bagent,QB,CHI,679.9,1,,,679.9,
910,Jordan Jones,RB,,680.5,1,,,680.5,
911,Justin Jones,RB,,681.6,1,,,681.6,
912,Andrew Armstrong,WR,KC,682.0,1,,,682.0,
913,Cam Newton,QB,,682.5,1,,,682.5,
914,Jalen Virgil,WR,,683.0,1,,,683.0,
915,Efton Chism,WR,NE,683.5,1,,,683.5,
916,Colson Yankoff,TE,WAS,683.9,1,,,683.9,
917,Ben Sauls,K,NYG,684.3,1,,,684.3,
918,Malick Meiga,WR,,685.5,1,,,685.5,
919,Davis Mills,QB,HOU,686.0,1,,,686.0,
920,CJ. Johnson,WR,,686.2,1,,,686.2,
921,Grant Calcaterra,TE,PHI,686.4,1,,,686.4,
922,Zack Kuntz,TE,DAL,687.4,1,,,687.4,
923,Robert Griffin,QB,,687.5,1,,,687.5,
924,Jeff Weimer,WR,KC,687.6,1,,,687.6,
925,Riley Patterson,K,MIA,687.6,1,,,687.6,
926,Tyrod Taylor,QB,GB,687.6,1,,,687.6,
927,Samson Nacua,WR,,688.7,1,,,688.7,
928,Amari Rodgers,WR,,689.0,1,,,689.0,
929,Dominic Zvada,K,NYG,689.0,1,,,689.0,
930,Mason Rudolph,QB,PIT,689.9,1,,,689.9,
931,Tyreik McAllister,RB,,690.0,1,,,690.0,
932,Will Grier,QB,,690.0,1,,,690.0,
933,Hendon Hooker,QB,TEN,690.3,1,,,690.3,
934,D'Eriq King,QB,,690.5,1,,,690.5,
935,Nate Sudfeld,QB,,691.0,1,,,691.0,
936,Jalin Hyatt,WR,NYG,691.4,1,,,691.4,
937,Omari Evans,WR,KC,691.5,1,,,691.5,
938,Aaron Shampklin,RB,,692.7,1,,,692.7,
939,Grant Finley,RB,NYG,692.7,1,,,692.7,
940,Matt Ryan,QB,,692.7,1,,,692.7,
941,Grayson Gunter,TE,,692.8,1,,,692.8,
942,Nikko Remigio,WR,KC,692.8,1,,,692.8,
943,TJ. Pledger,RB,,693.0,1,,,693.0,
944,Andy Isabella,WR,,694.0,1,,,694.0,
945,Anthony Sherman,RB,,694.4,1,,,694.4,
946,Taylen Green,QB,CLE,694.8,1,,,694.8,
947,Trey Sermon,RB,ATL,695.5,1,,,695.5,
948,Tyren Montgomery,WR,TEN,695.5,1,,,695.5,
949,Matt Hibner,TE,BAL,695.9,1,,,695.9,
950,Montrell Washington,WR,,695.9,1,,,695.9,
951,Tyler Huntley,QB,BAL,695.9,1,,,695.9,
952,Roc Taylor,WR,CAR,696.5,1,,,696.5,
953,Julio Jones,WR,,696.7,1,,,696.7,
954,Trayvon Rudolph,WR,MIN,696.8,1,,,696.8,
955,Gardner Minshew,QB,ARI,698.0,1,,,698.0,
956,Mark Ingram,RB,,699.2,1,,,699.2,
957,Jadon Haselwood,WR,,699.3,1,,,699.3,
958,Lucas Havrisik,K,,699.3,1,,,699.3,
959,Jake Verity,K,,699.5,1,,,699.5,
960,Israel Abanikanda,RB,DAL,699.6,1,,,699.6,
961,Jacob Copeland,WR,,700.4,1,,,700.4,
962,ZaQuandre White,RB,,700.5,1,,,700.5,
